id	start	stop	strand
TTS_Ju_31308523_stationary_1	308	308	+
TTS_Ju_31308523_stationary_2	5076	5076	+
TTS_Ju_31308523_stationary_3	9229	9229	+
TTS_Ju_31308523_stationary_4	9891	9891	-
TTS_Ju_31308523_stationary_5	9921	9921	+
TTS_Ju_31308523_stationary_6	14142	14142	+
TTS_Ju_31308523_stationary_7	16149	16149	-
TTS_Ju_31308523_stationary_8	18696	18696	+
TTS_Ju_31308523_stationary_9	20764	20764	-
TTS_Ju_31308523_stationary_10	27282	27282	+
TTS_Ju_31308523_stationary_11	28256	28256	+
TTS_Ju_31308523_stationary_12	29276	29276	+
TTS_Ju_31308523_stationary_13	34117	34117	+
TTS_Ju_31308523_stationary_14	34830	34830	+
TTS_Ju_31308523_stationary_15	49729	49729	+
TTS_Ju_31308523_stationary_16	50322	50322	-
TTS_Ju_31308523_stationary_17	53259	53259	-
TTS_Ju_31308523_stationary_18	58242	58242	+
TTS_Ju_31308523_stationary_19	59610	59610	-
TTS_Ju_31308523_stationary_20	67348	67348	-
TTS_Ju_31308523_stationary_21	67410	67410	+
TTS_Ju_31308523_stationary_22	77593	77593	+
TTS_Ju_31308523_stationary_23	78815	78815	-
TTS_Ju_31308523_stationary_24	83571	83571	-
TTS_Ju_31308523_stationary_25	85362	85362	+
TTS_Ju_31308523_stationary_26	89080	89080	+
TTS_Ju_31308523_stationary_27	107551	107551	+
TTS_Ju_31308523_stationary_28	111030	111030	+
TTS_Ju_31308523_stationary_29	111471	111471	-
TTS_Ju_31308523_stationary_30	114526	114526	+
TTS_Ju_31308523_stationary_31	117709	117709	-
TTS_Ju_31308523_stationary_32	120138	120138	-
TTS_Ju_31308523_stationary_33	120173	120173	+
TTS_Ju_31308523_stationary_34	122940	122940	+
TTS_Ju_31308523_stationary_35	123792	123792	+
TTS_Ju_31308523_stationary_36	129396	129396	+
TTS_Ju_31308523_stationary_37	134278	134278	+
TTS_Ju_31308523_stationary_38	134752	134752	-
TTS_Ju_31308523_stationary_39	134786	134786	+
TTS_Ju_31308523_stationary_40	138648	138648	-
TTS_Ju_31308523_stationary_41	138678	138678	+
TTS_Ju_31308523_stationary_42	141972	141972	-
TTS_Ju_31308523_stationary_43	142003	142003	+
TTS_Ju_31308523_stationary_44	146275	146275	-
TTS_Ju_31308523_stationary_45	147904	147904	-
TTS_Ju_31308523_stationary_46	147943	147943	+
TTS_Ju_31308523_stationary_47	160096	160096	-
TTS_Ju_31308523_stationary_48	160125	160125	+
TTS_Ju_31308523_stationary_49	167309	167309	+
TTS_Ju_31308523_stationary_50	169764	169764	+
TTS_Ju_31308523_stationary_51	173427	173427	-
TTS_Ju_31308523_stationary_52	176994	176994	+
TTS_Ju_31308523_stationary_53	178420	178420	-
TTS_Ju_31308523_stationary_54	182347	182347	+
TTS_Ju_31308523_stationary_55	183648	183648	-
TTS_Ju_31308523_stationary_56	185086	185086	-
TTS_Ju_31308523_stationary_57	188683	188683	-
TTS_Ju_31308523_stationary_58	190799	190799	+
TTS_Ju_31308523_stationary_59	191745	191745	+
TTS_Ju_31308523_stationary_60	193489	193489	+
TTS_Ju_31308523_stationary_61	202063	202063	+
TTS_Ju_31308523_stationary_62	203408	203408	+
TTS_Ju_31308523_stationary_63	209625	209625	+
TTS_Ju_31308523_stationary_64	213630	213630	-
TTS_Ju_31308523_stationary_65	216093	216093	+
TTS_Ju_31308523_stationary_66	217019	217019	-
TTS_Ju_31308523_stationary_67	220051	220051	-
TTS_Ju_31308523_stationary_68	225345	225345	+
TTS_Ju_31308523_stationary_69	229043	229043	+
TTS_Ju_31308523_stationary_70	229895	229895	-
TTS_Ju_31308523_stationary_71	230004	230004	+
TTS_Ju_31308523_stationary_72	232550	232550	-
TTS_Ju_31308523_stationary_73	232585	232585	+
TTS_Ju_31308523_stationary_74	235486	235486	-
TTS_Ju_31308523_stationary_75	237068	237068	+
TTS_Ju_31308523_stationary_76	239352	239352	-
TTS_Ju_31308523_stationary_77	240826	240826	-
TTS_Ju_31308523_stationary_78	240855	240855	+
TTS_Ju_31308523_stationary_79	246130	246130	-
TTS_Ju_31308523_stationary_80	248340	248340	+
TTS_Ju_31308523_stationary_81	254209	254209	-
TTS_Ju_31308523_stationary_82	256470	256470	+
TTS_Ju_31308523_stationary_83	259041	259041	+
TTS_Ju_31308523_stationary_84	262823	262823	+
TTS_Ju_31308523_stationary_85	265562	265562	-
TTS_Ju_31308523_stationary_86	265598	265598	+
TTS_Ju_31308523_stationary_87	285220	285220	+
TTS_Ju_31308523_stationary_88	292285	292285	-
TTS_Ju_31308523_stationary_89	292317	292317	+
TTS_Ju_31308523_stationary_90	303649	303649	+
TTS_Ju_31308523_stationary_91	312285	312285	-
TTS_Ju_31308523_stationary_92	318633	318633	-
TTS_Ju_31308523_stationary_93	324603	324603	+
TTS_Ju_31308523_stationary_94	325477	325477	-
TTS_Ju_31308523_stationary_95	331542	331542	+
TTS_Ju_31308523_stationary_96	333521	333521	+
TTS_Ju_31308523_stationary_97	342572	342572	+
TTS_Ju_31308523_stationary_98	344012	344012	+
TTS_Ju_31308523_stationary_99	345511	345511	-
TTS_Ju_31308523_stationary_100	346857	346857	+
TTS_Ju_31308523_stationary_101	357596	357596	+
TTS_Ju_31308523_stationary_102	377525	377525	+
TTS_Ju_31308523_stationary_103	378387	378387	-
TTS_Ju_31308523_stationary_104	380034	380034	-
TTS_Ju_31308523_stationary_105	388690	388690	-
TTS_Ju_31308523_stationary_106	394490	394490	+
TTS_Ju_31308523_stationary_107	395081	395081	-
TTS_Ju_31308523_stationary_108	399050	399050	+
TTS_Ju_31308523_stationary_109	399789	399789	-
TTS_Ju_31308523_stationary_110	401848	401848	+
TTS_Ju_31308523_stationary_111	403649	403649	+
TTS_Ju_31308523_stationary_112	404780	404780	-
TTS_Ju_31308523_stationary_113	407206	407206	+
TTS_Ju_31308523_stationary_114	408495	408495	+
TTS_Ju_31308523_stationary_115	409050	409050	-
TTS_Ju_31308523_stationary_116	409093	409093	+
TTS_Ju_31308523_stationary_117	412226	412226	-
TTS_Ju_31308523_stationary_118	419236	419236	+
TTS_Ju_31308523_stationary_119	420925	420925	-
TTS_Ju_31308523_stationary_120	420961	420961	+
TTS_Ju_31308523_stationary_121	422409	422409	+
TTS_Ju_31308523_stationary_122	427789	427789	+
TTS_Ju_31308523_stationary_123	430527	430527	+
TTS_Ju_31308523_stationary_124	430962	430962	-
TTS_Ju_31308523_stationary_125	431030	431030	-
TTS_Ju_31308523_stationary_126	431125	431125	+
TTS_Ju_31308523_stationary_127	432277	432277	-
TTS_Ju_31308523_stationary_128	435608	435608	+
TTS_Ju_31308523_stationary_129	437115	437115	-
TTS_Ju_31308523_stationary_130	443004	443004	-
TTS_Ju_31308523_stationary_131	443039	443039	+
TTS_Ju_31308523_stationary_132	445327	445327	+
TTS_Ju_31308523_stationary_133	446773	446773	-
TTS_Ju_31308523_stationary_134	452011	452011	-
TTS_Ju_31308523_stationary_135	454867	454867	+
TTS_Ju_31308523_stationary_136	456495	456495	+
TTS_Ju_31308523_stationary_137	458758	458758	+
TTS_Ju_31308523_stationary_138	461309	461309	+
TTS_Ju_31308523_stationary_139	461784	461784	+
TTS_Ju_31308523_stationary_140	463858	463858	+
TTS_Ju_31308523_stationary_141	464371	464371	+
TTS_Ju_31308523_stationary_142	464806	464806	-
TTS_Ju_31308523_stationary_143	464841	464841	+
TTS_Ju_31308523_stationary_144	468270	468270	+
TTS_Ju_31308523_stationary_145	472484	472484	+
TTS_Ju_31308523_stationary_146	474262	474262	-
TTS_Ju_31308523_stationary_147	474299	474299	+
TTS_Ju_31308523_stationary_148	475987	475987	+
TTS_Ju_31308523_stationary_149	478737	478737	-
TTS_Ju_31308523_stationary_150	481213	481213	-
TTS_Ju_31308523_stationary_151	489902	489902	-
TTS_Ju_31308523_stationary_152	489933	489933	+
TTS_Ju_31308523_stationary_153	492044	492044	+
TTS_Ju_31308523_stationary_154	495041	495041	+
TTS_Ju_31308523_stationary_155	497032	497032	+
TTS_Ju_31308523_stationary_156	497939	497939	+
TTS_Ju_31308523_stationary_157	503438	503438	-
TTS_Ju_31308523_stationary_158	506569	506569	-
TTS_Ju_31308523_stationary_159	506670	506670	+
TTS_Ju_31308523_stationary_160	507196	507196	-
TTS_Ju_31308523_stationary_161	508579	508579	-
TTS_Ju_31308523_stationary_162	514319	514319	-
TTS_Ju_31308523_stationary_163	517317	517317	-
TTS_Ju_31308523_stationary_164	517362	517362	-
TTS_Ju_31308523_stationary_165	517400	517400	+
TTS_Ju_31308523_stationary_166	522874	522874	+
TTS_Ju_31308523_stationary_167	533861	533861	+
TTS_Ju_31308523_stationary_168	537511	537511	+
TTS_Ju_31308523_stationary_169	540547	540547	+
TTS_Ju_31308523_stationary_170	543111	543111	+
TTS_Ju_31308523_stationary_171	543191	543191	-
TTS_Ju_31308523_stationary_172	553872	553872	-
TTS_Ju_31308523_stationary_173	556036	556036	+
TTS_Ju_31308523_stationary_174	556626	556626	-
TTS_Ju_31308523_stationary_175	564715	564715	-
TTS_Ju_31308523_stationary_176	568708	568708	+
TTS_Ju_31308523_stationary_177	572349	572349	+
TTS_Ju_31308523_stationary_178	574366	574366	-
TTS_Ju_31308523_stationary_179	574476	574476	-
TTS_Ju_31308523_stationary_180	578443	578443	-
TTS_Ju_31308523_stationary_181	584631	584631	-
TTS_Ju_31308523_stationary_182	584668	584668	+
TTS_Ju_31308523_stationary_183	603374	603374	-
TTS_Ju_31308523_stationary_184	603413	603413	+
TTS_Ju_31308523_stationary_185	604738	604738	-
TTS_Ju_31308523_stationary_186	608769	608769	-
TTS_Ju_31308523_stationary_187	618089	618089	+
TTS_Ju_31308523_stationary_188	623507	623507	-
TTS_Ju_31308523_stationary_189	637773	637773	-
TTS_Ju_31308523_stationary_190	639666	639666	+
TTS_Ju_31308523_stationary_191	641343	641343	-
TTS_Ju_31308523_stationary_192	641378	641378	+
TTS_Ju_31308523_stationary_193	641386	641386	-
TTS_Ju_31308523_stationary_194	644017	644017	-
TTS_Ju_31308523_stationary_195	645051	645051	-
TTS_Ju_31308523_stationary_196	654546	654546	-
TTS_Ju_31308523_stationary_197	654579	654579	+
TTS_Ju_31308523_stationary_198	657517	657517	-
TTS_Ju_31308523_stationary_199	657548	657548	+
TTS_Ju_31308523_stationary_200	659189	659189	-
TTS_Ju_31308523_stationary_201	659221	659221	+
TTS_Ju_31308523_stationary_202	661596	661596	-
TTS_Ju_31308523_stationary_203	662338	662338	-
TTS_Ju_31308523_stationary_204	662671	662671	-
TTS_Ju_31308523_stationary_205	671541	671541	-
TTS_Ju_31308523_stationary_206	675562	675562	+
TTS_Ju_31308523_stationary_207	683423	683423	-
TTS_Ju_31308523_stationary_208	684493	684493	-
TTS_Ju_31308523_stationary_209	686682	686682	-
TTS_Ju_31308523_stationary_210	689296	689296	-
TTS_Ju_31308523_stationary_211	693498	693498	-
TTS_Ju_31308523_stationary_212	696396	696396	-
TTS_Ju_31308523_stationary_213	696427	696427	+
TTS_Ju_31308523_stationary_214	697471	697471	-
TTS_Ju_31308523_stationary_215	699420	699420	-
TTS_Ju_31308523_stationary_216	705968	705968	+
TTS_Ju_31308523_stationary_217	707981	707981	+
TTS_Ju_31308523_stationary_218	710155	710155	-
TTS_Ju_31308523_stationary_219	711982	711982	-
TTS_Ju_31308523_stationary_220	715243	715243	+
TTS_Ju_31308523_stationary_221	716902	716902	-
TTS_Ju_31308523_stationary_222	720990	720990	-
TTS_Ju_31308523_stationary_223	729394	729394	+
TTS_Ju_31308523_stationary_224	753129	753129	-
TTS_Ju_31308523_stationary_225	758487	758487	+
TTS_Ju_31308523_stationary_226	765063	765063	-
TTS_Ju_31308523_stationary_227	765148	765148	+
TTS_Ju_31308523_stationary_228	774372	774372	+
TTS_Ju_31308523_stationary_229	774648	774648	+
TTS_Ju_31308523_stationary_230	779673	779673	+
TTS_Ju_31308523_stationary_231	780434	780434	+
TTS_Ju_31308523_stationary_232	781685	781685	+
TTS_Ju_31308523_stationary_233	781809	781809	-
TTS_Ju_31308523_stationary_234	783840	783840	-
TTS_Ju_31308523_stationary_235	783942	783942	+
TTS_Ju_31308523_stationary_236	784890	784890	-
TTS_Ju_31308523_stationary_237	786791	786791	-
TTS_Ju_31308523_stationary_238	786824	786824	+
TTS_Ju_31308523_stationary_239	787768	787768	-
TTS_Ju_31308523_stationary_240	792262	792262	-
TTS_Ju_31308523_stationary_241	794954	794954	+
TTS_Ju_31308523_stationary_242	797514	797514	-
TTS_Ju_31308523_stationary_243	797717	797717	+
TTS_Ju_31308523_stationary_244	799588	799588	-
TTS_Ju_31308523_stationary_245	799621	799621	+
TTS_Ju_31308523_stationary_246	807396	807396	-
TTS_Ju_31308523_stationary_247	815579	815579	-
TTS_Ju_31308523_stationary_248	815826	815826	+
TTS_Ju_31308523_stationary_249	819789	819789	+
TTS_Ju_31308523_stationary_250	820631	820631	+
TTS_Ju_31308523_stationary_251	824939	824939	-
TTS_Ju_31308523_stationary_252	825079	825079	+
TTS_Ju_31308523_stationary_253	836250	836250	+
TTS_Ju_31308523_stationary_254	837435	837435	-
TTS_Ju_31308523_stationary_255	837469	837469	+
TTS_Ju_31308523_stationary_256	837624	837624	+
TTS_Ju_31308523_stationary_257	839244	839244	+
TTS_Ju_31308523_stationary_258	843165	843165	-
TTS_Ju_31308523_stationary_259	845560	845560	-
TTS_Ju_31308523_stationary_260	847199	847199	-
TTS_Ju_31308523_stationary_261	848340	848340	-
TTS_Ju_31308523_stationary_262	849166	849166	-
TTS_Ju_31308523_stationary_263	850979	850979	-
TTS_Ju_31308523_stationary_264	851010	851010	+
TTS_Ju_31308523_stationary_265	854776	854776	-
TTS_Ju_31308523_stationary_266	854807	854807	+
TTS_Ju_31308523_stationary_267	857718	857718	+
TTS_Ju_31308523_stationary_268	859180	859180	-
TTS_Ju_31308523_stationary_269	864282	864282	-
TTS_Ju_31308523_stationary_270	870013	870013	-
TTS_Ju_31308523_stationary_271	875492	875492	-
TTS_Ju_31308523_stationary_272	876670	876670	-
TTS_Ju_31308523_stationary_273	878664	878664	+
TTS_Ju_31308523_stationary_274	879774	879774	-
TTS_Ju_31308523_stationary_275	881931	881931	-
TTS_Ju_31308523_stationary_276	881972	881972	+
TTS_Ju_31308523_stationary_277	884903	884903	-
TTS_Ju_31308523_stationary_278	887976	887976	-
TTS_Ju_31308523_stationary_279	890462	890462	-
TTS_Ju_31308523_stationary_280	890490	890490	+
TTS_Ju_31308523_stationary_281	892640	892640	+
TTS_Ju_31308523_stationary_282	893478	893478	+
TTS_Ju_31308523_stationary_283	900690	900690	-
TTS_Ju_31308523_stationary_284	903891	903891	-
TTS_Ju_31308523_stationary_285	911141	911141	-
TTS_Ju_31308523_stationary_286	913923	913923	-
TTS_Ju_31308523_stationary_287	915312	915312	-
TTS_Ju_31308523_stationary_288	917982	917982	-
TTS_Ju_31308523_stationary_289	918208	918208	+
TTS_Ju_31308523_stationary_290	922302	922302	-
TTS_Ju_31308523_stationary_291	922335	922335	+
TTS_Ju_31308523_stationary_292	925598	925598	+
TTS_Ju_31308523_stationary_293	925843	925843	-
TTS_Ju_31308523_stationary_294	926158	926158	-
TTS_Ju_31308523_stationary_295	931022	931022	-
TTS_Ju_31308523_stationary_296	933176	933176	+
TTS_Ju_31308523_stationary_297	940766	940766	+
TTS_Ju_31308523_stationary_298	944900	944900	-
TTS_Ju_31308523_stationary_299	944928	944928	+
TTS_Ju_31308523_stationary_300	947067	947067	+
TTS_Ju_31308523_stationary_301	948804	948804	+
TTS_Ju_31308523_stationary_302	950297	950297	-
TTS_Ju_31308523_stationary_303	950332	950332	+
TTS_Ju_31308523_stationary_304	951203	951203	-
TTS_Ju_31308523_stationary_305	954793	954793	-
TTS_Ju_31308523_stationary_306	958786	958786	+
TTS_Ju_31308523_stationary_307	960164	960164	+
TTS_Ju_31308523_stationary_308	961070	961070	+
TTS_Ju_31308523_stationary_309	963776	963776	+
TTS_Ju_31308523_stationary_310	964164	964164	+
TTS_Ju_31308523_stationary_311	969406	969406	+
TTS_Ju_31308523_stationary_312	971644	971644	+
TTS_Ju_31308523_stationary_313	972496	972496	-
TTS_Ju_31308523_stationary_314	980816	980816	+
TTS_Ju_31308523_stationary_315	984355	984355	-
TTS_Ju_31308523_stationary_316	984478	984478	-
TTS_Ju_31308523_stationary_317	984506	984506	+
TTS_Ju_31308523_stationary_318	985839	985839	-
TTS_Ju_31308523_stationary_319	987544	987544	-
TTS_Ju_31308523_stationary_320	989120	989120	-
TTS_Ju_31308523_stationary_321	993275	993275	+
TTS_Ju_31308523_stationary_322	998465	998465	+
TTS_Ju_31308523_stationary_323	1015514	1015514	+
TTS_Ju_31308523_stationary_324	1015896	1015896	-
TTS_Ju_31308523_stationary_325	1015926	1015926	+
TTS_Ju_31308523_stationary_326	1018970	1018970	-
TTS_Ju_31308523_stationary_327	1018998	1018998	+
TTS_Ju_31308523_stationary_328	1021947	1021947	+
TTS_Ju_31308523_stationary_329	1026524	1026524	-
TTS_Ju_31308523_stationary_330	1026554	1026554	+
TTS_Ju_31308523_stationary_331	1028357	1028357	-
TTS_Ju_31308523_stationary_332	1028396	1028396	+
TTS_Ju_31308523_stationary_333	1028475	1028475	+
TTS_Ju_31308523_stationary_334	1030252	1030252	-
TTS_Ju_31308523_stationary_335	1030613	1030613	+
TTS_Ju_31308523_stationary_336	1030711	1030711	-
TTS_Ju_31308523_stationary_337	1041920	1041920	-
TTS_Ju_31308523_stationary_338	1052277	1052277	+
TTS_Ju_31308523_stationary_339	1062452	1062452	-
TTS_Ju_31308523_stationary_340	1066828	1066828	-
TTS_Ju_31308523_stationary_341	1066859	1066859	+
TTS_Ju_31308523_stationary_342	1068416	1068416	-
TTS_Ju_31308523_stationary_343	1068507	1068507	+
TTS_Ju_31308523_stationary_344	1074658	1074658	-
TTS_Ju_31308523_stationary_345	1074879	1074879	-
TTS_Ju_31308523_stationary_346	1074916	1074916	+
TTS_Ju_31308523_stationary_347	1080940	1080940	+
TTS_Ju_31308523_stationary_348	1086005	1086005	-
TTS_Ju_31308523_stationary_349	1086097	1086097	+
TTS_Ju_31308523_stationary_350	1100774	1100774	-
TTS_Ju_31308523_stationary_351	1100845	1100845	+
TTS_Ju_31308523_stationary_352	1104947	1104947	+
TTS_Ju_31308523_stationary_353	1107696	1107696	-
TTS_Ju_31308523_stationary_354	1113530	1113530	-
TTS_Ju_31308523_stationary_355	1113561	1113561	+
TTS_Ju_31308523_stationary_356	1115620	1115620	-
TTS_Ju_31308523_stationary_357	1117862	1117862	-
TTS_Ju_31308523_stationary_358	1117893	1117893	+
TTS_Ju_31308523_stationary_359	1119432	1119432	-
TTS_Ju_31308523_stationary_360	1120653	1120653	-
TTS_Ju_31308523_stationary_361	1121201	1121201	-
TTS_Ju_31308523_stationary_362	1122684	1122684	-
TTS_Ju_31308523_stationary_363	1123361	1123361	-
TTS_Ju_31308523_stationary_364	1129377	1129377	-
TTS_Ju_31308523_stationary_365	1129410	1129410	+
TTS_Ju_31308523_stationary_366	1141135	1141135	-
TTS_Ju_31308523_stationary_367	1145926	1145926	-
TTS_Ju_31308523_stationary_368	1146009	1146009	+
TTS_Ju_31308523_stationary_369	1147707	1147707	+
TTS_Ju_31308523_stationary_370	1151890	1151890	+
TTS_Ju_31308523_stationary_371	1153227	1153227	+
TTS_Ju_31308523_stationary_372	1157649	1157649	+
TTS_Ju_31308523_stationary_373	1159351	1159351	+
TTS_Ju_31308523_stationary_374	1165731	1165731	+
TTS_Ju_31308523_stationary_375	1167436	1167436	+
TTS_Ju_31308523_stationary_376	1168155	1168155	-
TTS_Ju_31308523_stationary_377	1169363	1169363	-
TTS_Ju_31308523_stationary_378	1169401	1169401	+
TTS_Ju_31308523_stationary_379	1170484	1170484	-
TTS_Ju_31308523_stationary_380	1180428	1180428	+
TTS_Ju_31308523_stationary_381	1181745	1181745	-
TTS_Ju_31308523_stationary_382	1187073	1187073	-
TTS_Ju_31308523_stationary_383	1187106	1187106	+
TTS_Ju_31308523_stationary_384	1190574	1190574	-
TTS_Ju_31308523_stationary_385	1190609	1190609	+
TTS_Ju_31308523_stationary_386	1196422	1196422	+
TTS_Ju_31308523_stationary_387	1199694	1199694	+
TTS_Ju_31308523_stationary_388	1211597	1211597	-
TTS_Ju_31308523_stationary_389	1217105	1217105	+
TTS_Ju_31308523_stationary_390	1219255	1219255	+
TTS_Ju_31308523_stationary_391	1222263	1222263	-
TTS_Ju_31308523_stationary_392	1222295	1222295	+
TTS_Ju_31308523_stationary_393	1223943	1223943	+
TTS_Ju_31308523_stationary_394	1224225	1224225	-
TTS_Ju_31308523_stationary_395	1227039	1227039	-
TTS_Ju_31308523_stationary_396	1227065	1227065	+
TTS_Ju_31308523_stationary_397	1228771	1228771	+
TTS_Ju_31308523_stationary_398	1229413	1229413	+
TTS_Ju_31308523_stationary_399	1232467	1232467	-
TTS_Ju_31308523_stationary_400	1233140	1233140	-
TTS_Ju_31308523_stationary_401	1235673	1235673	-
TTS_Ju_31308523_stationary_402	1235701	1235701	+
TTS_Ju_31308523_stationary_403	1236522	1236522	-
TTS_Ju_31308523_stationary_404	1240087	1240087	+
TTS_Ju_31308523_stationary_405	1243917	1243917	+
TTS_Ju_31308523_stationary_406	1245029	1245029	+
TTS_Ju_31308523_stationary_407	1247655	1247655	-
TTS_Ju_31308523_stationary_408	1248695	1248695	-
TTS_Ju_31308523_stationary_409	1252967	1252967	-
TTS_Ju_31308523_stationary_410	1256635	1256635	-
TTS_Ju_31308523_stationary_411	1259081	1259081	-
TTS_Ju_31308523_stationary_412	1259117	1259117	+
TTS_Ju_31308523_stationary_413	1260888	1260888	-
TTS_Ju_31308523_stationary_414	1269621	1269621	-
TTS_Ju_31308523_stationary_415	1270706	1270706	-
TTS_Ju_31308523_stationary_416	1273216	1273216	-
TTS_Ju_31308523_stationary_417	1273243	1273243	+
TTS_Ju_31308523_stationary_418	1275089	1275089	-
TTS_Ju_31308523_stationary_419	1279520	1279520	+
TTS_Ju_31308523_stationary_420	1286569	1286569	+
TTS_Ju_31308523_stationary_421	1286712	1286712	-
TTS_Ju_31308523_stationary_422	1286890	1286890	-
TTS_Ju_31308523_stationary_423	1292419	1292419	+
TTS_Ju_31308523_stationary_424	1292457	1292457	-
TTS_Ju_31308523_stationary_425	1294201	1294201	+
TTS_Ju_31308523_stationary_426	1294515	1294515	+
TTS_Ju_31308523_stationary_427	1295323	1295323	-
TTS_Ju_31308523_stationary_428	1299285	1299285	+
TTS_Ju_31308523_stationary_429	1306772	1306772	-
TTS_Ju_31308523_stationary_430	1306803	1306803	+
TTS_Ju_31308523_stationary_431	1308962	1308962	-
TTS_Ju_31308523_stationary_432	1310519	1310519	-
TTS_Ju_31308523_stationary_433	1311814	1311814	-
TTS_Ju_31308523_stationary_434	1311846	1311846	+
TTS_Ju_31308523_stationary_435	1312260	1312260	-
TTS_Ju_31308523_stationary_436	1314666	1314666	-
TTS_Ju_31308523_stationary_437	1314697	1314697	+
TTS_Ju_31308523_stationary_438	1315787	1315787	-
TTS_Ju_31308523_stationary_439	1316382	1316382	-
TTS_Ju_31308523_stationary_440	1322969	1322969	-
TTS_Ju_31308523_stationary_441	1327761	1327761	+
TTS_Ju_31308523_stationary_442	1330383	1330383	-
TTS_Ju_31308523_stationary_443	1330415	1330415	+
TTS_Ju_31308523_stationary_444	1333700	1333700	+
TTS_Ju_31308523_stationary_445	1334880	1334880	+
TTS_Ju_31308523_stationary_446	1335696	1335696	+
TTS_Ju_31308523_stationary_447	1338508	1338508	-
TTS_Ju_31308523_stationary_448	1338550	1338550	+
TTS_Ju_31308523_stationary_449	1342986	1342986	-
TTS_Ju_31308523_stationary_450	1343018	1343018	+
TTS_Ju_31308523_stationary_451	1343546	1343546	-
TTS_Ju_31308523_stationary_452	1346936	1346936	-
TTS_Ju_31308523_stationary_453	1350207	1350207	-
TTS_Ju_31308523_stationary_454	1350235	1350235	+
TTS_Ju_31308523_stationary_455	1357747	1357747	-
TTS_Ju_31308523_stationary_456	1362514	1362514	+
TTS_Ju_31308523_stationary_457	1368782	1368782	+
TTS_Ju_31308523_stationary_458	1370042	1370042	+
TTS_Ju_31308523_stationary_459	1386622	1386622	+
TTS_Ju_31308523_stationary_460	1388265	1388265	-
TTS_Ju_31308523_stationary_461	1388304	1388304	+
TTS_Ju_31308523_stationary_462	1394847	1394847	-
TTS_Ju_31308523_stationary_463	1394884	1394884	+
TTS_Ju_31308523_stationary_464	1397627	1397627	-
TTS_Ju_31308523_stationary_465	1397655	1397655	+
TTS_Ju_31308523_stationary_466	1398698	1398698	-
TTS_Ju_31308523_stationary_467	1405657	1405657	-
TTS_Ju_31308523_stationary_468	1406430	1406430	-
TTS_Ju_31308523_stationary_469	1406593	1406593	+
TTS_Ju_31308523_stationary_470	1409249	1409249	+
TTS_Ju_31308523_stationary_471	1410927	1410927	-
TTS_Ju_31308523_stationary_472	1411008	1411008	+
TTS_Ju_31308523_stationary_473	1435152	1435152	-
TTS_Ju_31308523_stationary_474	1437197	1437197	-
TTS_Ju_31308523_stationary_475	1441259	1441259	-
TTS_Ju_31308523_stationary_476	1441599	1441599	+
TTS_Ju_31308523_stationary_477	1441819	1441819	-
TTS_Ju_31308523_stationary_478	1446378	1446378	+
TTS_Ju_31308523_stationary_479	1449066	1449066	+
TTS_Ju_31308523_stationary_480	1465127	1465127	+
TTS_Ju_31308523_stationary_481	1474066	1474066	+
TTS_Ju_31308523_stationary_482	1475119	1475119	+
TTS_Ju_31308523_stationary_483	1482207	1482207	-
TTS_Ju_31308523_stationary_484	1487022	1487022	+
TTS_Ju_31308523_stationary_485	1488078	1488078	+
TTS_Ju_31308523_stationary_486	1489677	1489677	-
TTS_Ju_31308523_stationary_487	1489709	1489709	+
TTS_Ju_31308523_stationary_488	1491441	1491441	-
TTS_Ju_31308523_stationary_489	1491857	1491857	-
TTS_Ju_31308523_stationary_490	1492171	1492171	+
TTS_Ju_31308523_stationary_491	1498551	1498551	+
TTS_Ju_31308523_stationary_492	1498907	1498907	+
TTS_Ju_31308523_stationary_493	1502362	1502362	+
TTS_Ju_31308523_stationary_494	1503158	1503158	+
TTS_Ju_31308523_stationary_495	1508789	1508789	-
TTS_Ju_31308523_stationary_496	1517080	1517080	+
TTS_Ju_31308523_stationary_497	1517694	1517694	-
TTS_Ju_31308523_stationary_498	1517918	1517918	+
TTS_Ju_31308523_stationary_499	1520094	1520094	+
TTS_Ju_31308523_stationary_500	1520928	1520928	-
TTS_Ju_31308523_stationary_501	1520957	1520957	+
TTS_Ju_31308523_stationary_502	1524446	1524446	-
TTS_Ju_31308523_stationary_503	1524476	1524476	+
TTS_Ju_31308523_stationary_504	1534877	1534877	-
TTS_Ju_31308523_stationary_505	1546253	1546253	-
TTS_Ju_31308523_stationary_506	1552007	1552007	-
TTS_Ju_31308523_stationary_507	1552044	1552044	+
TTS_Ju_31308523_stationary_508	1552061	1552061	-
TTS_Ju_31308523_stationary_509	1553937	1553937	-
TTS_Ju_31308523_stationary_510	1555766	1555766	-
TTS_Ju_31308523_stationary_511	1567445	1567445	-
TTS_Ju_31308523_stationary_512	1568899	1568899	-
TTS_Ju_31308523_stationary_513	1572373	1572373	-
TTS_Ju_31308523_stationary_514	1580804	1580804	-
TTS_Ju_31308523_stationary_515	1609186	1609186	-
TTS_Ju_31308523_stationary_516	1613261	1613261	-
TTS_Ju_31308523_stationary_517	1618218	1618218	-
TTS_Ju_31308523_stationary_518	1618244	1618244	+
TTS_Ju_31308523_stationary_519	1620239	1620239	+
TTS_Ju_31308523_stationary_520	1622804	1622804	+
TTS_Ju_31308523_stationary_521	1622816	1622816	-
TTS_Ju_31308523_stationary_522	1625288	1625288	-
TTS_Ju_31308523_stationary_523	1628294	1628294	+
TTS_Ju_31308523_stationary_524	1629076	1629076	+
TTS_Ju_31308523_stationary_525	1629421	1629421	-
TTS_Ju_31308523_stationary_526	1632478	1632478	-
TTS_Ju_31308523_stationary_527	1637557	1637557	-
TTS_Ju_31308523_stationary_528	1642357	1642357	-
TTS_Ju_31308523_stationary_529	1642386	1642386	+
TTS_Ju_31308523_stationary_530	1645028	1645028	-
TTS_Ju_31308523_stationary_531	1646747	1646747	-
TTS_Ju_31308523_stationary_532	1648368	1648368	+
TTS_Ju_31308523_stationary_533	1649439	1649439	+
TTS_Ju_31308523_stationary_534	1655217	1655217	-
TTS_Ju_31308523_stationary_535	1655251	1655251	-
TTS_Ju_31308523_stationary_536	1656859	1656859	+
TTS_Ju_31308523_stationary_537	1657913	1657913	+
TTS_Ju_31308523_stationary_538	1665173	1665173	+
TTS_Ju_31308523_stationary_539	1666450	1666450	-
TTS_Ju_31308523_stationary_540	1670996	1670996	+
TTS_Ju_31308523_stationary_541	1672783	1672783	-
TTS_Ju_31308523_stationary_542	1672819	1672819	+
TTS_Ju_31308523_stationary_543	1674941	1674941	-
TTS_Ju_31308523_stationary_544	1679413	1679413	+
TTS_Ju_31308523_stationary_545	1685003	1685003	-
TTS_Ju_31308523_stationary_546	1686703	1686703	-
TTS_Ju_31308523_stationary_547	1691403	1691403	+
TTS_Ju_31308523_stationary_548	1696415	1696415	-
TTS_Ju_31308523_stationary_549	1697225	1697225	-
TTS_Ju_31308523_stationary_550	1703231	1703231	-
TTS_Ju_31308523_stationary_551	1703270	1703270	+
TTS_Ju_31308523_stationary_552	1714323	1714323	+
TTS_Ju_31308523_stationary_553	1714986	1714986	-
TTS_Ju_31308523_stationary_554	1715017	1715017	+
TTS_Ju_31308523_stationary_555	1715903	1715903	-
TTS_Ju_31308523_stationary_556	1718026	1718026	-
TTS_Ju_31308523_stationary_557	1720347	1720347	-
TTS_Ju_31308523_stationary_558	1720381	1720381	+
TTS_Ju_31308523_stationary_559	1728279	1728279	+
TTS_Ju_31308523_stationary_560	1733706	1733706	-
TTS_Ju_31308523_stationary_561	1735287	1735287	+
TTS_Ju_31308523_stationary_562	1736082	1736082	-
TTS_Ju_31308523_stationary_563	1736114	1736114	+
TTS_Ju_31308523_stationary_564	1737422	1737422	-
TTS_Ju_31308523_stationary_565	1738907	1738907	+
TTS_Ju_31308523_stationary_566	1742567	1742567	-
TTS_Ju_31308523_stationary_567	1742598	1742598	+
TTS_Ju_31308523_stationary_568	1744834	1744834	-
TTS_Ju_31308523_stationary_569	1744868	1744868	+
TTS_Ju_31308523_stationary_570	1747039	1747039	+
TTS_Ju_31308523_stationary_571	1754894	1754894	-
TTS_Ju_31308523_stationary_572	1757164	1757164	+
TTS_Ju_31308523_stationary_573	1757671	1757671	-
TTS_Ju_31308523_stationary_574	1757703	1757703	+
TTS_Ju_31308523_stationary_575	1765143	1765143	-
TTS_Ju_31308523_stationary_576	1770218	1770218	+
TTS_Ju_31308523_stationary_577	1770477	1770477	+
TTS_Ju_31308523_stationary_578	1775484	1775484	+
TTS_Ju_31308523_stationary_579	1778349	1778349	-
TTS_Ju_31308523_stationary_580	1784696	1784696	-
TTS_Ju_31308523_stationary_581	1789482	1789482	-
TTS_Ju_31308523_stationary_582	1789514	1789514	+
TTS_Ju_31308523_stationary_583	1792222	1792222	-
TTS_Ju_31308523_stationary_584	1795214	1795214	-
TTS_Ju_31308523_stationary_585	1799357	1799357	-
TTS_Ju_31308523_stationary_586	1805287	1805287	-
TTS_Ju_31308523_stationary_587	1807330	1807330	+
TTS_Ju_31308523_stationary_588	1808668	1808668	-
TTS_Ju_31308523_stationary_589	1808696	1808696	+
TTS_Ju_31308523_stationary_590	1810084	1810084	+
TTS_Ju_31308523_stationary_591	1812373	1812373	+
TTS_Ju_31308523_stationary_592	1813385	1813385	-
TTS_Ju_31308523_stationary_593	1816378	1816378	+
TTS_Ju_31308523_stationary_594	1821228	1821228	-
TTS_Ju_31308523_stationary_595	1821861	1821861	-
TTS_Ju_31308523_stationary_596	1823351	1823351	+
TTS_Ju_31308523_stationary_597	1824452	1824452	+
TTS_Ju_31308523_stationary_598	1825060	1825060	-
TTS_Ju_31308523_stationary_599	1833274	1833274	+
TTS_Ju_31308523_stationary_600	1840816	1840816	+
TTS_Ju_31308523_stationary_601	1843813	1843813	+
TTS_Ju_31308523_stationary_602	1844921	1844921	-
TTS_Ju_31308523_stationary_603	1850701	1850701	-
TTS_Ju_31308523_stationary_604	1850733	1850733	+
TTS_Ju_31308523_stationary_605	1852573	1852573	+
TTS_Ju_31308523_stationary_606	1854008	1854008	-
TTS_Ju_31308523_stationary_607	1861660	1861660	-
TTS_Ju_31308523_stationary_608	1863817	1863817	+
TTS_Ju_31308523_stationary_609	1864739	1864739	-
TTS_Ju_31308523_stationary_610	1864785	1864785	+
TTS_Ju_31308523_stationary_611	1865668	1865668	-
TTS_Ju_31308523_stationary_612	1870276	1870276	+
TTS_Ju_31308523_stationary_613	1874112	1874112	+
TTS_Ju_31308523_stationary_614	1874843	1874843	+
TTS_Ju_31308523_stationary_615	1877139	1877139	-
TTS_Ju_31308523_stationary_616	1877301	1877301	+
TTS_Ju_31308523_stationary_617	1878964	1878964	-
TTS_Ju_31308523_stationary_618	1878996	1878996	+
TTS_Ju_31308523_stationary_619	1879361	1879361	-
TTS_Ju_31308523_stationary_620	1880089	1880089	-
TTS_Ju_31308523_stationary_621	1883042	1883042	+
TTS_Ju_31308523_stationary_622	1886809	1886809	-
TTS_Ju_31308523_stationary_623	1886861	1886861	+
TTS_Ju_31308523_stationary_624	1889900	1889900	-
TTS_Ju_31308523_stationary_625	1893787	1893787	+
TTS_Ju_31308523_stationary_626	1894456	1894456	-
TTS_Ju_31308523_stationary_627	1894497	1894497	+
TTS_Ju_31308523_stationary_628	1898334	1898334	+
TTS_Ju_31308523_stationary_629	1899953	1899953	-
TTS_Ju_31308523_stationary_630	1904784	1904784	+
TTS_Ju_31308523_stationary_631	1905324	1905324	+
TTS_Ju_31308523_stationary_632	1906214	1906214	-
TTS_Ju_31308523_stationary_633	1907152	1907152	-
TTS_Ju_31308523_stationary_634	1908211	1908211	-
TTS_Ju_31308523_stationary_635	1909261	1909261	-
TTS_Ju_31308523_stationary_636	1909303	1909303	+
TTS_Ju_31308523_stationary_637	1911647	1911647	-
TTS_Ju_31308523_stationary_638	1912732	1912732	-
TTS_Ju_31308523_stationary_639	1920180	1920180	+
TTS_Ju_31308523_stationary_640	1922050	1922050	+
TTS_Ju_31308523_stationary_641	1923291	1923291	-
TTS_Ju_31308523_stationary_642	1928997	1928997	-
TTS_Ju_31308523_stationary_643	1929917	1929917	-
TTS_Ju_31308523_stationary_644	1929971	1929971	-
TTS_Ju_31308523_stationary_645	1932079	1932079	-
TTS_Ju_31308523_stationary_646	1932111	1932111	+
TTS_Ju_31308523_stationary_647	1934728	1934728	-
TTS_Ju_31308523_stationary_648	1939094	1939094	-
TTS_Ju_31308523_stationary_649	1939222	1939222	+
TTS_Ju_31308523_stationary_650	1940266	1940266	-
TTS_Ju_31308523_stationary_651	1946817	1946817	-
TTS_Ju_31308523_stationary_652	1954573	1954573	+
TTS_Ju_31308523_stationary_653	1958441	1958441	-
TTS_Ju_31308523_stationary_654	1961848	1961848	+
TTS_Ju_31308523_stationary_655	1966348	1966348	-
TTS_Ju_31308523_stationary_656	1982486	1982486	-
TTS_Ju_31308523_stationary_657	1987428	1987428	-
TTS_Ju_31308523_stationary_658	1987508	1987508	+
TTS_Ju_31308523_stationary_659	1989216	1989216	-
TTS_Ju_31308523_stationary_660	1989247	1989247	+
TTS_Ju_31308523_stationary_661	1990910	1990910	-
TTS_Ju_31308523_stationary_662	1990949	1990949	+
TTS_Ju_31308523_stationary_663	1991747	1991747	-
TTS_Ju_31308523_stationary_664	1996082	1996082	+
TTS_Ju_31308523_stationary_665	1997018	1997018	-
TTS_Ju_31308523_stationary_666	1999539	1999539	-
TTS_Ju_31308523_stationary_667	2001911	2001911	-
TTS_Ju_31308523_stationary_668	2007644	2007644	-
TTS_Ju_31308523_stationary_669	2007674	2007674	+
TTS_Ju_31308523_stationary_670	2009747	2009747	+
TTS_Ju_31308523_stationary_671	2024594	2024594	-
TTS_Ju_31308523_stationary_672	2024626	2024626	+
TTS_Ju_31308523_stationary_673	2025257	2025257	+
TTS_Ju_31308523_stationary_674	2028141	2028141	-
TTS_Ju_31308523_stationary_675	2032320	2032320	-
TTS_Ju_31308523_stationary_676	2036758	2036758	+
TTS_Ju_31308523_stationary_677	2042152	2042152	+
TTS_Ju_31308523_stationary_678	2043181	2043181	+
TTS_Ju_31308523_stationary_679	2044746	2044746	+
TTS_Ju_31308523_stationary_680	2052064	2052064	+
TTS_Ju_31308523_stationary_681	2054994	2054994	+
TTS_Ju_31308523_stationary_682	2056606	2056606	+
TTS_Ju_31308523_stationary_683	2057617	2057617	+
TTS_Ju_31308523_stationary_684	2057927	2057927	-
TTS_Ju_31308523_stationary_685	2062338	2062338	-
TTS_Ju_31308523_stationary_686	2078319	2078319	+
TTS_Ju_31308523_stationary_687	2078988	2078988	-
TTS_Ju_31308523_stationary_688	2081333	2081333	-
TTS_Ju_31308523_stationary_689	2084185	2084185	-
TTS_Ju_31308523_stationary_690	2084218	2084218	+
TTS_Ju_31308523_stationary_691	2085648	2085648	-
TTS_Ju_31308523_stationary_692	2088155	2088155	-
TTS_Ju_31308523_stationary_693	2093092	2093092	+
TTS_Ju_31308523_stationary_694	2097269	2097269	-
TTS_Ju_31308523_stationary_695	2097303	2097303	+
TTS_Ju_31308523_stationary_696	2099805	2099805	-
TTS_Ju_31308523_stationary_697	2113335	2113335	-
TTS_Ju_31308523_stationary_698	2113346	2113346	-
TTS_Ju_31308523_stationary_699	2139739	2139739	+
TTS_Ju_31308523_stationary_700	2152450	2152450	-
TTS_Ju_31308523_stationary_701	2153453	2153453	+
TTS_Ju_31308523_stationary_702	2153781	2153781	+
TTS_Ju_31308523_stationary_703	2165055	2165055	+
TTS_Ju_31308523_stationary_704	2165611	2165611	+
TTS_Ju_31308523_stationary_705	2167199	2167199	+
TTS_Ju_31308523_stationary_706	2167264	2167264	-
TTS_Ju_31308523_stationary_707	2167293	2167293	+
TTS_Ju_31308523_stationary_708	2169684	2169684	+
TTS_Ju_31308523_stationary_709	2171800	2171800	-
TTS_Ju_31308523_stationary_710	2172887	2172887	-
TTS_Ju_31308523_stationary_711	2177322	2177322	-
TTS_Ju_31308523_stationary_712	2182147	2182147	+
TTS_Ju_31308523_stationary_713	2187327	2187327	+
TTS_Ju_31308523_stationary_714	2191618	2191618	-
TTS_Ju_31308523_stationary_715	2192445	2192445	-
TTS_Ju_31308523_stationary_716	2192993	2192993	-
TTS_Ju_31308523_stationary_717	2196370	2196370	+
TTS_Ju_31308523_stationary_718	2211687	2211687	-
TTS_Ju_31308523_stationary_719	2211727	2211727	+
TTS_Ju_31308523_stationary_720	2219619	2219619	-
TTS_Ju_31308523_stationary_721	2223898	2223898	-
TTS_Ju_31308523_stationary_722	2223987	2223987	+
TTS_Ju_31308523_stationary_723	2224993	2224993	-
TTS_Ju_31308523_stationary_724	2232769	2232769	+
TTS_Ju_31308523_stationary_725	2236663	2236663	+
TTS_Ju_31308523_stationary_726	2239313	2239313	-
TTS_Ju_31308523_stationary_727	2244773	2244773	+
TTS_Ju_31308523_stationary_728	2247015	2247015	-
TTS_Ju_31308523_stationary_729	2250838	2250838	+
TTS_Ju_31308523_stationary_730	2251933	2251933	+
TTS_Ju_31308523_stationary_731	2252710	2252710	-
TTS_Ju_31308523_stationary_732	2252833	2252833	+
TTS_Ju_31308523_stationary_733	2259535	2259535	-
TTS_Ju_31308523_stationary_734	2259671	2259671	-
TTS_Ju_31308523_stationary_735	2265279	2265279	+
TTS_Ju_31308523_stationary_736	2266069	2266069	+
TTS_Ju_31308523_stationary_737	2267759	2267759	+
TTS_Ju_31308523_stationary_738	2269627	2269627	+
TTS_Ju_31308523_stationary_739	2270618	2270618	+
TTS_Ju_31308523_stationary_740	2277859	2277859	-
TTS_Ju_31308523_stationary_741	2278524	2278524	-
TTS_Ju_31308523_stationary_742	2282816	2282816	-
TTS_Ju_31308523_stationary_743	2282846	2282846	+
TTS_Ju_31308523_stationary_744	2286296	2286296	-
TTS_Ju_31308523_stationary_745	2286330	2286330	+
TTS_Ju_31308523_stationary_746	2291145	2291145	-
TTS_Ju_31308523_stationary_747	2291356	2291356	+
TTS_Ju_31308523_stationary_748	2306927	2306927	-
TTS_Ju_31308523_stationary_749	2311604	2311604	-
TTS_Ju_31308523_stationary_750	2313176	2313176	+
TTS_Ju_31308523_stationary_751	2316832	2316832	-
TTS_Ju_31308523_stationary_752	2316985	2316985	+
TTS_Ju_31308523_stationary_753	2327296	2327296	-
TTS_Ju_31308523_stationary_754	2336713	2336713	-
TTS_Ju_31308523_stationary_755	2340304	2340304	-
TTS_Ju_31308523_stationary_756	2348769	2348769	-
TTS_Ju_31308523_stationary_757	2348821	2348821	+
TTS_Ju_31308523_stationary_758	2349897	2349897	-
TTS_Ju_31308523_stationary_759	2356756	2356756	+
TTS_Ju_31308523_stationary_760	2358039	2358039	+
TTS_Ju_31308523_stationary_761	2362391	2362391	-
TTS_Ju_31308523_stationary_762	2363698	2363698	-
TTS_Ju_31308523_stationary_763	2365011	2365011	+
TTS_Ju_31308523_stationary_764	2373096	2373096	-
TTS_Ju_31308523_stationary_765	2374889	2374889	-
TTS_Ju_31308523_stationary_766	2380673	2380673	-
TTS_Ju_31308523_stationary_767	2385576	2385576	+
TTS_Ju_31308523_stationary_768	2387538	2387538	+
TTS_Ju_31308523_stationary_769	2389998	2389998	-
TTS_Ju_31308523_stationary_770	2405622	2405622	-
TTS_Ju_31308523_stationary_771	2408815	2408815	+
TTS_Ju_31308523_stationary_772	2409345	2409345	-
TTS_Ju_31308523_stationary_773	2409520	2409520	+
TTS_Ju_31308523_stationary_774	2411395	2411395	-
TTS_Ju_31308523_stationary_775	2412625	2412625	-
TTS_Ju_31308523_stationary_776	2414703	2414703	+
TTS_Ju_31308523_stationary_777	2416960	2416960	+
TTS_Ju_31308523_stationary_778	2418605	2418605	-
TTS_Ju_31308523_stationary_779	2418634	2418634	+
TTS_Ju_31308523_stationary_780	2421854	2421854	+
TTS_Ju_31308523_stationary_781	2422577	2422577	-
TTS_Ju_31308523_stationary_782	2422775	2422775	+
TTS_Ju_31308523_stationary_783	2423701	2423701	-
TTS_Ju_31308523_stationary_784	2425953	2425953	-
TTS_Ju_31308523_stationary_785	2428023	2428023	-
TTS_Ju_31308523_stationary_786	2428684	2428684	-
TTS_Ju_31308523_stationary_787	2430843	2430843	-
TTS_Ju_31308523_stationary_788	2430860	2430860	-
TTS_Ju_31308523_stationary_789	2432883	2432883	-
TTS_Ju_31308523_stationary_790	2432972	2432972	-
TTS_Ju_31308523_stationary_791	2436669	2436669	-
TTS_Ju_31308523_stationary_792	2439119	2439119	+
TTS_Ju_31308523_stationary_793	2440280	2440280	-
TTS_Ju_31308523_stationary_794	2443783	2443783	-
TTS_Ju_31308523_stationary_795	2443873	2443873	+
TTS_Ju_31308523_stationary_796	2449128	2449128	-
TTS_Ju_31308523_stationary_797	2449185	2449185	-
TTS_Ju_31308523_stationary_798	2449217	2449217	+
TTS_Ju_31308523_stationary_799	2456278	2456278	-
TTS_Ju_31308523_stationary_800	2460600	2460600	-
TTS_Ju_31308523_stationary_801	2462694	2462694	+
TTS_Ju_31308523_stationary_802	2464209	2464209	-
TTS_Ju_31308523_stationary_803	2466310	2466310	+
TTS_Ju_31308523_stationary_804	2470466	2470466	-
TTS_Ju_31308523_stationary_805	2470494	2470494	+
TTS_Ju_31308523_stationary_806	2471163	2471163	+
TTS_Ju_31308523_stationary_807	2476597	2476597	+
TTS_Ju_31308523_stationary_808	2480583	2480583	+
TTS_Ju_31308523_stationary_809	2497009	2497009	-
TTS_Ju_31308523_stationary_810	2497038	2497038	+
TTS_Ju_31308523_stationary_811	2508420	2508420	-
TTS_Ju_31308523_stationary_812	2511263	2511263	-
TTS_Ju_31308523_stationary_813	2511445	2511445	+
TTS_Ju_31308523_stationary_814	2515035	2515035	-
TTS_Ju_31308523_stationary_815	2519206	2519206	-
TTS_Ju_31308523_stationary_816	2519242	2519242	+
TTS_Ju_31308523_stationary_817	2521362	2521362	+
TTS_Ju_31308523_stationary_818	2521485	2521485	-
TTS_Ju_31308523_stationary_819	2525893	2525893	-
TTS_Ju_31308523_stationary_820	2525923	2525923	+
TTS_Ju_31308523_stationary_821	2527989	2527989	+
TTS_Ju_31308523_stationary_822	2530192	2530192	-
TTS_Ju_31308523_stationary_823	2532288	2532288	+
TTS_Ju_31308523_stationary_824	2533430	2533430	+
TTS_Ju_31308523_stationary_825	2534344	2534344	+
TTS_Ju_31308523_stationary_826	2536355	2536355	-
TTS_Ju_31308523_stationary_827	2536388	2536388	+
TTS_Ju_31308523_stationary_828	2538529	2538529	-
TTS_Ju_31308523_stationary_829	2539662	2539662	-
TTS_Ju_31308523_stationary_830	2543679	2543679	-
TTS_Ju_31308523_stationary_831	2549628	2549628	+
TTS_Ju_31308523_stationary_832	2555186	2555186	-
TTS_Ju_31308523_stationary_833	2560191	2560191	+
TTS_Ju_31308523_stationary_834	2560930	2560930	+
TTS_Ju_31308523_stationary_835	2564427	2564427	+
TTS_Ju_31308523_stationary_836	2565387	2565387	+
TTS_Ju_31308523_stationary_837	2572122	2572122	-
TTS_Ju_31308523_stationary_838	2576050	2576050	-
TTS_Ju_31308523_stationary_839	2581778	2581778	+
TTS_Ju_31308523_stationary_840	2583474	2583474	-
TTS_Ju_31308523_stationary_841	2590712	2590712	-
TTS_Ju_31308523_stationary_842	2590748	2590748	+
TTS_Ju_31308523_stationary_843	2592977	2592977	-
TTS_Ju_31308523_stationary_844	2593061	2593061	+
TTS_Ju_31308523_stationary_845	2596859	2596859	-
TTS_Ju_31308523_stationary_846	2597797	2597797	-
TTS_Ju_31308523_stationary_847	2600994	2600994	+
TTS_Ju_31308523_stationary_848	2614781	2614781	-
TTS_Ju_31308523_stationary_849	2614819	2614819	+
TTS_Ju_31308523_stationary_850	2617962	2617962	-
TTS_Ju_31308523_stationary_851	2618003	2618003	+
TTS_Ju_31308523_stationary_852	2618835	2618835	-
TTS_Ju_31308523_stationary_853	2620201	2620201	-
TTS_Ju_31308523_stationary_854	2622916	2622916	+
TTS_Ju_31308523_stationary_855	2626695	2626695	+
TTS_Ju_31308523_stationary_856	2629573	2629573	+
TTS_Ju_31308523_stationary_857	2630902	2630902	-
TTS_Ju_31308523_stationary_858	2630935	2630935	+
TTS_Ju_31308523_stationary_859	2635531	2635531	-
TTS_Ju_31308523_stationary_860	2637421	2637421	-
TTS_Ju_31308523_stationary_861	2640598	2640598	-
TTS_Ju_31308523_stationary_862	2643084	2643084	-
TTS_Ju_31308523_stationary_863	2644336	2644336	-
TTS_Ju_31308523_stationary_864	2647268	2647268	-
TTS_Ju_31308523_stationary_865	2653353	2653353	-
TTS_Ju_31308523_stationary_866	2653385	2653385	+
TTS_Ju_31308523_stationary_867	2654130	2654130	-
TTS_Ju_31308523_stationary_868	2654157	2654157	+
TTS_Ju_31308523_stationary_869	2656376	2656376	-
TTS_Ju_31308523_stationary_870	2659514	2659514	-
TTS_Ju_31308523_stationary_871	2664279	2664279	+
TTS_Ju_31308523_stationary_872	2666492	2666492	-
TTS_Ju_31308523_stationary_873	2673811	2673811	+
TTS_Ju_31308523_stationary_874	2684070	2684070	-
TTS_Ju_31308523_stationary_875	2687027	2687027	-
TTS_Ju_31308523_stationary_876	2687088	2687088	+
TTS_Ju_31308523_stationary_877	2691187	2691187	+
TTS_Ju_31308523_stationary_878	2691571	2691571	-
TTS_Ju_31308523_stationary_879	2700060	2700060	-
TTS_Ju_31308523_stationary_880	2700102	2700102	+
TTS_Ju_31308523_stationary_881	2700555	2700555	-
TTS_Ju_31308523_stationary_882	2704285	2704285	-
TTS_Ju_31308523_stationary_883	2707305	2707305	-
TTS_Ju_31308523_stationary_884	2716014	2716014	-
TTS_Ju_31308523_stationary_885	2716049	2716049	+
TTS_Ju_31308523_stationary_886	2717452	2717452	-
TTS_Ju_31308523_stationary_887	2717488	2717488	+
TTS_Ju_31308523_stationary_888	2719186	2719186	+
TTS_Ju_31308523_stationary_889	2724111	2724111	+
TTS_Ju_31308523_stationary_890	2724342	2724342	-
TTS_Ju_31308523_stationary_891	2724468	2724468	+
TTS_Ju_31308523_stationary_892	2726027	2726027	-
TTS_Ju_31308523_stationary_893	2731566	2731566	-
TTS_Ju_31308523_stationary_894	2736929	2736929	+
TTS_Ju_31308523_stationary_895	2737541	2737541	+
TTS_Ju_31308523_stationary_896	2737721	2737721	+
TTS_Ju_31308523_stationary_897	2738907	2738907	-
TTS_Ju_31308523_stationary_898	2738942	2738942	+
TTS_Ju_31308523_stationary_899	2744123	2744123	-
TTS_Ju_31308523_stationary_900	2750061	2750061	-
TTS_Ju_31308523_stationary_901	2750097	2750097	+
TTS_Ju_31308523_stationary_902	2753969	2753969	-
TTS_Ju_31308523_stationary_903	2754000	2754000	+
TTS_Ju_31308523_stationary_904	2755438	2755438	+
TTS_Ju_31308523_stationary_905	2756033	2756033	+
TTS_Ju_31308523_stationary_906	2757436	2757436	+
TTS_Ju_31308523_stationary_907	2761186	2761186	-
TTS_Ju_31308523_stationary_908	2767187	2767187	-
TTS_Ju_31308523_stationary_909	2767222	2767222	+
TTS_Ju_31308523_stationary_910	2768632	2768632	+
TTS_Ju_31308523_stationary_911	2778109	2778109	-
TTS_Ju_31308523_stationary_912	2778137	2778137	+
TTS_Ju_31308523_stationary_913	2796239	2796239	-
TTS_Ju_31308523_stationary_914	2796391	2796391	+
TTS_Ju_31308523_stationary_915	2798047	2798047	-
TTS_Ju_31308523_stationary_916	2798087	2798087	+
TTS_Ju_31308523_stationary_917	2799490	2799490	-
TTS_Ju_31308523_stationary_918	2799650	2799650	+
TTS_Ju_31308523_stationary_919	2800533	2800533	+
TTS_Ju_31308523_stationary_920	2804606	2804606	+
TTS_Ju_31308523_stationary_921	2807106	2807106	+
TTS_Ju_31308523_stationary_922	2808168	2808168	+
TTS_Ju_31308523_stationary_923	2811376	2811376	+
TTS_Ju_31308523_stationary_924	2814159	2814159	-
TTS_Ju_31308523_stationary_925	2814190	2814190	+
TTS_Ju_31308523_stationary_926	2817783	2817783	-
TTS_Ju_31308523_stationary_927	2818924	2818924	-
TTS_Ju_31308523_stationary_928	2822663	2822663	-
TTS_Ju_31308523_stationary_929	2824455	2824455	-
TTS_Ju_31308523_stationary_930	2828590	2828590	+
TTS_Ju_31308523_stationary_931	2830827	2830827	+
TTS_Ju_31308523_stationary_932	2838210	2838210	-
TTS_Ju_31308523_stationary_933	2842417	2842417	-
TTS_Ju_31308523_stationary_934	2842507	2842507	+
TTS_Ju_31308523_stationary_935	2854326	2854326	+
TTS_Ju_31308523_stationary_936	2856419	2856419	-
TTS_Ju_31308523_stationary_937	2859757	2859757	+
TTS_Ju_31308523_stationary_938	2860411	2860411	-
TTS_Ju_31308523_stationary_939	2866471	2866471	-
TTS_Ju_31308523_stationary_940	2866504	2866504	+
TTS_Ju_31308523_stationary_941	2866509	2866509	-
TTS_Ju_31308523_stationary_942	2887525	2887525	-
TTS_Ju_31308523_stationary_943	2892744	2892744	+
TTS_Ju_31308523_stationary_944	2904074	2904074	-
TTS_Ju_31308523_stationary_945	2904686	2904686	-
TTS_Ju_31308523_stationary_946	2906591	2906591	-
TTS_Ju_31308523_stationary_947	2918004	2918004	-
TTS_Ju_31308523_stationary_948	2922421	2922421	-
TTS_Ju_31308523_stationary_949	2924160	2924160	-
TTS_Ju_31308523_stationary_950	2924677	2924677	-
TTS_Ju_31308523_stationary_951	2927708	2927708	+
TTS_Ju_31308523_stationary_952	2929550	2929550	+
TTS_Ju_31308523_stationary_953	2930978	2930978	+
TTS_Ju_31308523_stationary_954	2931813	2931813	-
TTS_Ju_31308523_stationary_955	2939347	2939347	+
TTS_Ju_31308523_stationary_956	2940106	2940106	-
TTS_Ju_31308523_stationary_957	2940142	2940142	+
TTS_Ju_31308523_stationary_958	2942869	2942869	-
TTS_Ju_31308523_stationary_959	2942898	2942898	+
TTS_Ju_31308523_stationary_960	2944991	2944991	-
TTS_Ju_31308523_stationary_961	2945033	2945033	+
TTS_Ju_31308523_stationary_962	2945856	2945856	-
TTS_Ju_31308523_stationary_963	2947715	2947715	+
TTS_Ju_31308523_stationary_964	2950391	2950391	-
TTS_Ju_31308523_stationary_965	2950580	2950580	-
TTS_Ju_31308523_stationary_966	2950631	2950631	+
TTS_Ju_31308523_stationary_967	2964312	2964312	-
TTS_Ju_31308523_stationary_968	2971169	2971169	+
TTS_Ju_31308523_stationary_969	2971521	2971521	+
TTS_Ju_31308523_stationary_970	2972637	2972637	-
TTS_Ju_31308523_stationary_971	2972706	2972706	+
TTS_Ju_31308523_stationary_972	2976101	2976101	-
TTS_Ju_31308523_stationary_973	2977708	2977708	+
TTS_Ju_31308523_stationary_974	2979747	2979747	-
TTS_Ju_31308523_stationary_975	2980724	2980724	-
TTS_Ju_31308523_stationary_976	2982450	2982450	-
TTS_Ju_31308523_stationary_977	2987126	2987126	+
TTS_Ju_31308523_stationary_978	2988237	2988237	+
TTS_Ju_31308523_stationary_979	3003970	3003970	-
TTS_Ju_31308523_stationary_980	3004002	3004002	+
TTS_Ju_31308523_stationary_981	3012393	3012393	-
TTS_Ju_31308523_stationary_982	3012430	3012430	+
TTS_Ju_31308523_stationary_983	3012610	3012610	+
TTS_Ju_31308523_stationary_984	3020495	3020495	-
TTS_Ju_31308523_stationary_985	3024216	3024216	+
TTS_Ju_31308523_stationary_986	3028488	3028488	-
TTS_Ju_31308523_stationary_987	3033612	3033612	-
TTS_Ju_31308523_stationary_988	3036319	3036319	-
TTS_Ju_31308523_stationary_989	3040416	3040416	+
TTS_Ju_31308523_stationary_990	3042476	3042476	+
TTS_Ju_31308523_stationary_991	3045107	3045107	-
TTS_Ju_31308523_stationary_992	3045144	3045144	+
TTS_Ju_31308523_stationary_993	3046122	3046122	-
TTS_Ju_31308523_stationary_994	3047815	3047815	-
TTS_Ju_31308523_stationary_995	3049096	3049096	-
TTS_Ju_31308523_stationary_996	3051042	3051042	-
TTS_Ju_31308523_stationary_997	3056165	3056165	+
TTS_Ju_31308523_stationary_998	3057127	3057127	-
TTS_Ju_31308523_stationary_999	3058637	3058637	-
TTS_Ju_31308523_stationary_1000	3067306	3067306	-
TTS_Ju_31308523_stationary_1001	3067337	3067337	+
TTS_Ju_31308523_stationary_1002	3068908	3068908	-
TTS_Ju_31308523_stationary_1003	3070118	3070118	-
TTS_Ju_31308523_stationary_1004	3073837	3073837	-
TTS_Ju_31308523_stationary_1005	3079601	3079601	-
TTS_Ju_31308523_stationary_1006	3082572	3082572	-
TTS_Ju_31308523_stationary_1007	3082841	3082841	+
TTS_Ju_31308523_stationary_1008	3083826	3083826	-
TTS_Ju_31308523_stationary_1009	3087907	3087907	+
TTS_Ju_31308523_stationary_1010	3089715	3089715	+
TTS_Ju_31308523_stationary_1011	3092910	3092910	+
TTS_Ju_31308523_stationary_1012	3094202	3094202	+
TTS_Ju_31308523_stationary_1013	3098535	3098535	+
TTS_Ju_31308523_stationary_1014	3099648	3099648	-
TTS_Ju_31308523_stationary_1015	3100859	3100859	-
TTS_Ju_31308523_stationary_1016	3101641	3101641	-
TTS_Ju_31308523_stationary_1017	3104399	3104399	+
TTS_Ju_31308523_stationary_1018	3105550	3105550	+
TTS_Ju_31308523_stationary_1019	3106978	3106978	-
TTS_Ju_31308523_stationary_1020	3107013	3107013	+
TTS_Ju_31308523_stationary_1021	3110450	3110450	-
TTS_Ju_31308523_stationary_1022	3110479	3110479	+
TTS_Ju_31308523_stationary_1023	3114463	3114463	-
TTS_Ju_31308523_stationary_1024	3119555	3119555	-
TTS_Ju_31308523_stationary_1025	3121589	3121589	-
TTS_Ju_31308523_stationary_1026	3134830	3134830	-
TTS_Ju_31308523_stationary_1027	3136607	3136607	-
TTS_Ju_31308523_stationary_1028	3148943	3148943	-
TTS_Ju_31308523_stationary_1029	3148973	3148973	+
TTS_Ju_31308523_stationary_1030	3150546	3150546	-
TTS_Ju_31308523_stationary_1031	3150582	3150582	+
TTS_Ju_31308523_stationary_1032	3154263	3154263	+
TTS_Ju_31308523_stationary_1033	3156604	3156604	+
TTS_Ju_31308523_stationary_1034	3157452	3157452	-
TTS_Ju_31308523_stationary_1035	3157493	3157493	+
TTS_Ju_31308523_stationary_1036	3161222	3161222	-
TTS_Ju_31308523_stationary_1037	3163638	3163638	-
TTS_Ju_31308523_stationary_1038	3167720	3167720	-
TTS_Ju_31308523_stationary_1039	3168684	3168684	-
TTS_Ju_31308523_stationary_1040	3169249	3169249	-
TTS_Ju_31308523_stationary_1041	3171878	3171878	+
TTS_Ju_31308523_stationary_1042	3173464	3173464	-
TTS_Ju_31308523_stationary_1043	3173495	3173495	+
TTS_Ju_31308523_stationary_1044	3179627	3179627	+
TTS_Ju_31308523_stationary_1045	3181259	3181259	+
TTS_Ju_31308523_stationary_1046	3181584	3181584	-
TTS_Ju_31308523_stationary_1047	3181617	3181617	+
TTS_Ju_31308523_stationary_1048	3183328	3183328	-
TTS_Ju_31308523_stationary_1049	3183366	3183366	+
TTS_Ju_31308523_stationary_1050	3183747	3183747	-
TTS_Ju_31308523_stationary_1051	3185189	3185189	+
TTS_Ju_31308523_stationary_1052	3191712	3191712	-
TTS_Ju_31308523_stationary_1053	3194720	3194720	-
TTS_Ju_31308523_stationary_1054	3195097	3195097	-
TTS_Ju_31308523_stationary_1055	3203138	3203138	-
TTS_Ju_31308523_stationary_1056	3203272	3203272	+
TTS_Ju_31308523_stationary_1057	3209490	3209490	-
TTS_Ju_31308523_stationary_1058	3211075	3211075	+
TTS_Ju_31308523_stationary_1059	3214890	3214890	-
TTS_Ju_31308523_stationary_1060	3214968	3214968	+
TTS_Ju_31308523_stationary_1061	3215678	3215678	-
TTS_Ju_31308523_stationary_1062	3217604	3217604	+
TTS_Ju_31308523_stationary_1063	3220875	3220875	-
TTS_Ju_31308523_stationary_1064	3220915	3220915	+
TTS_Ju_31308523_stationary_1065	3222495	3222495	+
TTS_Ju_31308523_stationary_1066	3233690	3233690	-
TTS_Ju_31308523_stationary_1067	3234489	3234489	-
TTS_Ju_31308523_stationary_1068	3238560	3238560	+
TTS_Ju_31308523_stationary_1069	3239705	3239705	+
TTS_Ju_31308523_stationary_1070	3241227	3241227	+
TTS_Ju_31308523_stationary_1071	3241769	3241769	-
TTS_Ju_31308523_stationary_1072	3246577	3246577	+
TTS_Ju_31308523_stationary_1073	3247467	3247467	+
TTS_Ju_31308523_stationary_1074	3248615	3248615	+
TTS_Ju_31308523_stationary_1075	3250409	3250409	+
TTS_Ju_31308523_stationary_1076	3251006	3251006	+
TTS_Ju_31308523_stationary_1077	3252709	3252709	+
TTS_Ju_31308523_stationary_1078	3253272	3253272	-
TTS_Ju_31308523_stationary_1079	3253301	3253301	+
TTS_Ju_31308523_stationary_1080	3255212	3255212	-
TTS_Ju_31308523_stationary_1081	3255323	3255323	+
TTS_Ju_31308523_stationary_1082	3258234	3258234	-
TTS_Ju_31308523_stationary_1083	3259677	3259677	-
TTS_Ju_31308523_stationary_1084	3269989	3269989	-
TTS_Ju_31308523_stationary_1085	3270066	3270066	-
TTS_Ju_31308523_stationary_1086	3270179	3270179	-
TTS_Ju_31308523_stationary_1087	3270217	3270217	-
TTS_Ju_31308523_stationary_1088	3276904	3276904	+
TTS_Ju_31308523_stationary_1089	3277853	3277853	+
TTS_Ju_31308523_stationary_1090	3281676	3281676	+
TTS_Ju_31308523_stationary_1091	3295543	3295543	+
TTS_Ju_31308523_stationary_1092	3296992	3296992	-
TTS_Ju_31308523_stationary_1093	3297036	3297036	+
TTS_Ju_31308523_stationary_1094	3299644	3299644	+
TTS_Ju_31308523_stationary_1095	3300209	3300209	-
TTS_Ju_31308523_stationary_1096	3304466	3304466	-
TTS_Ju_31308523_stationary_1097	3304572	3304572	+
TTS_Ju_31308523_stationary_1098	3305899	3305899	-
TTS_Ju_31308523_stationary_1099	3307973	3307973	-
TTS_Ju_31308523_stationary_1100	3308994	3308994	-
TTS_Ju_31308523_stationary_1101	3311370	3311370	-
TTS_Ju_31308523_stationary_1102	3313194	3313194	-
TTS_Ju_31308523_stationary_1103	3320017	3320017	+
TTS_Ju_31308523_stationary_1104	3322030	3322030	-
TTS_Ju_31308523_stationary_1105	3322687	3322687	-
TTS_Ju_31308523_stationary_1106	3324939	3324939	-
TTS_Ju_31308523_stationary_1107	3328168	3328168	-
TTS_Ju_31308523_stationary_1108	3328196	3328196	+
TTS_Ju_31308523_stationary_1109	3330400	3330400	-
TTS_Ju_31308523_stationary_1110	3332805	3332805	-
TTS_Ju_31308523_stationary_1111	3334718	3334718	+
TTS_Ju_31308523_stationary_1112	3335195	3335195	-
TTS_Ju_31308523_stationary_1113	3336873	3336873	-
TTS_Ju_31308523_stationary_1114	3336918	3336918	-
TTS_Ju_31308523_stationary_1115	3349180	3349180	+
TTS_Ju_31308523_stationary_1116	3350696	3350696	+
TTS_Ju_31308523_stationary_1117	3360660	3360660	+
TTS_Ju_31308523_stationary_1118	3368967	3368967	-
TTS_Ju_31308523_stationary_1119	3372618	3372618	-
TTS_Ju_31308523_stationary_1120	3373646	3373646	-
TTS_Ju_31308523_stationary_1121	3376247	3376247	-
TTS_Ju_31308523_stationary_1122	3377754	3377754	-
TTS_Ju_31308523_stationary_1123	3378824	3378824	-
TTS_Ju_31308523_stationary_1124	3380623	3380623	+
TTS_Ju_31308523_stationary_1125	3382154	3382154	+
TTS_Ju_31308523_stationary_1126	3383282	3383282	-
TTS_Ju_31308523_stationary_1127	3383315	3383315	+
TTS_Ju_31308523_stationary_1128	3385206	3385206	+
TTS_Ju_31308523_stationary_1129	3385823	3385823	-
TTS_Ju_31308523_stationary_1130	3385851	3385851	+
TTS_Ju_31308523_stationary_1131	3390502	3390502	-
TTS_Ju_31308523_stationary_1132	3390539	3390539	+
TTS_Ju_31308523_stationary_1133	3404496	3404496	+
TTS_Ju_31308523_stationary_1134	3407309	3407309	+
TTS_Ju_31308523_stationary_1135	3410050	3410050	+
TTS_Ju_31308523_stationary_1136	3411629	3411629	+
TTS_Ju_31308523_stationary_1137	3418175	3418175	+
TTS_Ju_31308523_stationary_1138	3418756	3418756	+
TTS_Ju_31308523_stationary_1139	3423380	3423380	-
TTS_Ju_31308523_stationary_1140	3429641	3429641	-
TTS_Ju_31308523_stationary_1141	3429912	3429912	+
TTS_Ju_31308523_stationary_1142	3434286	3434286	+
TTS_Ju_31308523_stationary_1143	3435199	3435199	+
TTS_Ju_31308523_stationary_1144	3437925	3437925	+
TTS_Ju_31308523_stationary_1145	3438496	3438496	+
TTS_Ju_31308523_stationary_1146	3439573	3439573	-
TTS_Ju_31308523_stationary_1147	3448261	3448261	-
TTS_Ju_31308523_stationary_1148	3465226	3465226	-
TTS_Ju_31308523_stationary_1149	3466216	3466216	-
TTS_Ju_31308523_stationary_1150	3466245	3466245	+
TTS_Ju_31308523_stationary_1151	3467122	3467122	-
TTS_Ju_31308523_stationary_1152	3470093	3470093	-
TTS_Ju_31308523_stationary_1153	3476569	3476569	-
TTS_Ju_31308523_stationary_1154	3477862	3477862	-
TTS_Ju_31308523_stationary_1155	3477893	3477893	+
TTS_Ju_31308523_stationary_1156	3485366	3485366	-
TTS_Ju_31308523_stationary_1157	3485398	3485398	+
TTS_Ju_31308523_stationary_1158	3486794	3486794	+
TTS_Ju_31308523_stationary_1159	3488789	3488789	-
TTS_Ju_31308523_stationary_1160	3493788	3493788	+
TTS_Ju_31308523_stationary_1161	3496955	3496955	+
TTS_Ju_31308523_stationary_1162	3499233	3499233	+
TTS_Ju_31308523_stationary_1163	3503989	3503989	+
TTS_Ju_31308523_stationary_1164	3504796	3504796	-
TTS_Ju_31308523_stationary_1165	3512462	3512462	-
TTS_Ju_31308523_stationary_1166	3515769	3515769	-
TTS_Ju_31308523_stationary_1167	3525422	3525422	-
TTS_Ju_31308523_stationary_1168	3525450	3525450	+
TTS_Ju_31308523_stationary_1169	3530656	3530656	-
TTS_Ju_31308523_stationary_1170	3530689	3530689	+
TTS_Ju_31308523_stationary_1171	3534482	3534482	-
TTS_Ju_31308523_stationary_1172	3534516	3534516	+
TTS_Ju_31308523_stationary_1173	3537338	3537338	+
TTS_Ju_31308523_stationary_1174	3539832	3539832	+
TTS_Ju_31308523_stationary_1175	3543021	3543021	+
TTS_Ju_31308523_stationary_1176	3544028	3544028	-
TTS_Ju_31308523_stationary_1177	3546256	3546256	+
TTS_Ju_31308523_stationary_1178	3546294	3546294	+
TTS_Ju_31308523_stationary_1179	3547881	3547881	-
TTS_Ju_31308523_stationary_1180	3547978	3547978	+
TTS_Ju_31308523_stationary_1181	3549913	3549913	-
TTS_Ju_31308523_stationary_1182	3564090	3564090	-
TTS_Ju_31308523_stationary_1183	3573733	3573733	-
TTS_Ju_31308523_stationary_1184	3575680	3575680	-
TTS_Ju_31308523_stationary_1185	3575715	3575715	+
TTS_Ju_31308523_stationary_1186	3577660	3577660	-
TTS_Ju_31308523_stationary_1187	3579716	3579716	-
TTS_Ju_31308523_stationary_1188	3581663	3581663	+
TTS_Ju_31308523_stationary_1189	3585044	3585044	-
TTS_Ju_31308523_stationary_1190	3587467	3587467	+
TTS_Ju_31308523_stationary_1191	3590982	3590982	-
TTS_Ju_31308523_stationary_1192	3592576	3592576	-
TTS_Ju_31308523_stationary_1193	3592668	3592668	+
TTS_Ju_31308523_stationary_1194	3598555	3598555	+
TTS_Ju_31308523_stationary_1195	3599881	3599881	-
TTS_Ju_31308523_stationary_1196	3600968	3600968	-
TTS_Ju_31308523_stationary_1197	3605147	3605147	-
TTS_Ju_31308523_stationary_1198	3605345	3605345	+
TTS_Ju_31308523_stationary_1199	3608649	3608649	-
TTS_Ju_31308523_stationary_1200	3610563	3610563	+
TTS_Ju_31308523_stationary_1201	3613634	3613634	+
TTS_Ju_31308523_stationary_1202	3619035	3619035	+
TTS_Ju_31308523_stationary_1203	3625626	3625626	-
TTS_Ju_31308523_stationary_1204	3635947	3635947	+
TTS_Ju_31308523_stationary_1205	3639154	3639154	-
TTS_Ju_31308523_stationary_1206	3639360	3639360	+
TTS_Ju_31308523_stationary_1207	3640594	3640594	+
TTS_Ju_31308523_stationary_1208	3642342	3642342	-
TTS_Ju_31308523_stationary_1209	3642376	3642376	+
TTS_Ju_31308523_stationary_1210	3647652	3647652	-
TTS_Ju_31308523_stationary_1211	3647692	3647692	+
TTS_Ju_31308523_stationary_1212	3648377	3648377	+
TTS_Ju_31308523_stationary_1213	3654571	3654571	+
TTS_Ju_31308523_stationary_1214	3655911	3655911	-
TTS_Ju_31308523_stationary_1215	3656319	3656319	-
TTS_Ju_31308523_stationary_1216	3657621	3657621	+
TTS_Ju_31308523_stationary_1217	3659081	3659081	+
TTS_Ju_31308523_stationary_1218	3661797	3661797	-
TTS_Ju_31308523_stationary_1219	3663578	3663578	+
TTS_Ju_31308523_stationary_1220	3664969	3664969	+
TTS_Ju_31308523_stationary_1221	3666117	3666117	-
TTS_Ju_31308523_stationary_1222	3667750	3667750	-
TTS_Ju_31308523_stationary_1223	3674479	3674479	+
TTS_Ju_31308523_stationary_1224	3676253	3676253	-
TTS_Ju_31308523_stationary_1225	3680361	3680361	-
TTS_Ju_31308523_stationary_1226	3680554	3680554	+
TTS_Ju_31308523_stationary_1227	3682060	3682060	-
TTS_Ju_31308523_stationary_1228	3682115	3682115	-
TTS_Ju_31308523_stationary_1229	3695852	3695852	-
TTS_Ju_31308523_stationary_1230	3699897	3699897	-
TTS_Ju_31308523_stationary_1231	3701829	3701829	-
TTS_Ju_31308523_stationary_1232	3710691	3710691	-
TTS_Ju_31308523_stationary_1233	3714180	3714180	+
TTS_Ju_31308523_stationary_1234	3717247	3717247	+
TTS_Ju_31308523_stationary_1235	3718267	3718267	-
TTS_Ju_31308523_stationary_1236	3718333	3718333	+
TTS_Ju_31308523_stationary_1237	3719818	3719818	+
TTS_Ju_31308523_stationary_1238	3720315	3720315	+
TTS_Ju_31308523_stationary_1239	3722285	3722285	-
TTS_Ju_31308523_stationary_1240	3727879	3727879	-
TTS_Ju_31308523_stationary_1241	3729385	3729385	-
TTS_Ju_31308523_stationary_1242	3732157	3732157	+
TTS_Ju_31308523_stationary_1243	3736302	3736302	-
TTS_Ju_31308523_stationary_1244	3739567	3739567	+
TTS_Ju_31308523_stationary_1245	3741105	3741105	+
TTS_Ju_31308523_stationary_1246	3750816	3750816	+
TTS_Ju_31308523_stationary_1247	3754807	3754807	-
TTS_Ju_31308523_stationary_1248	3761265	3761265	-
TTS_Ju_31308523_stationary_1249	3774364	3774364	+
TTS_Ju_31308523_stationary_1250	3775997	3775997	-
TTS_Ju_31308523_stationary_1251	3777159	3777159	+
TTS_Ju_31308523_stationary_1252	3781217	3781217	+
TTS_Ju_31308523_stationary_1253	3781692	3781692	-
TTS_Ju_31308523_stationary_1254	3781730	3781730	+
TTS_Ju_31308523_stationary_1255	3782585	3782585	-
TTS_Ju_31308523_stationary_1256	3783603	3783603	-
TTS_Ju_31308523_stationary_1257	3790287	3790287	-
TTS_Ju_31308523_stationary_1258	3792750	3792750	-
TTS_Ju_31308523_stationary_1259	3798250	3798250	+
TTS_Ju_31308523_stationary_1260	3810306	3810306	-
TTS_Ju_31308523_stationary_1261	3810336	3810336	+
TTS_Ju_31308523_stationary_1262	3811201	3811201	-
TTS_Ju_31308523_stationary_1263	3815091	3815091	-
TTS_Ju_31308523_stationary_1264	3815123	3815123	+
TTS_Ju_31308523_stationary_1265	3815800	3815800	-
TTS_Ju_31308523_stationary_1266	3817606	3817606	+
TTS_Ju_31308523_stationary_1267	3819541	3819541	+
TTS_Ju_31308523_stationary_1268	3827287	3827287	-
TTS_Ju_31308523_stationary_1269	3832172	3832172	-
TTS_Ju_31308523_stationary_1270	3832209	3832209	+
TTS_Ju_31308523_stationary_1271	3839126	3839126	-
TTS_Ju_31308523_stationary_1272	3839284	3839284	+
TTS_Ju_31308523_stationary_1273	3840466	3840466	-
TTS_Ju_31308523_stationary_1274	3845731	3845731	-
TTS_Ju_31308523_stationary_1275	3845761	3845761	+
TTS_Ju_31308523_stationary_1276	3850751	3850751	-
TTS_Ju_31308523_stationary_1277	3852831	3852831	-
TTS_Ju_31308523_stationary_1278	3853692	3853692	+
TTS_Ju_31308523_stationary_1279	3856911	3856911	+
TTS_Ju_31308523_stationary_1280	3861134	3861134	-
TTS_Ju_31308523_stationary_1281	3864565	3864565	-
TTS_Ju_31308523_stationary_1282	3866425	3866425	-
TTS_Ju_31308523_stationary_1283	3867973	3867973	-
TTS_Ju_31308523_stationary_1284	3868541	3868541	+
TTS_Ju_31308523_stationary_1285	3870354	3870354	-
TTS_Ju_31308523_stationary_1286	3874220	3874220	-
TTS_Ju_31308523_stationary_1287	3876094	3876094	-
TTS_Ju_31308523_stationary_1288	3877540	3877540	-
TTS_Ju_31308523_stationary_1289	3884541	3884541	+
TTS_Ju_31308523_stationary_1290	3886771	3886771	+
TTS_Ju_31308523_stationary_1291	3888239	3888239	+
TTS_Ju_31308523_stationary_1292	3890187	3890187	+
TTS_Ju_31308523_stationary_1293	3891519	3891519	+
TTS_Ju_31308523_stationary_1294	3895219	3895219	-
TTS_Ju_31308523_stationary_1295	3895258	3895258	+
TTS_Ju_31308523_stationary_1296	3898624	3898624	-
TTS_Ju_31308523_stationary_1297	3898662	3898662	+
TTS_Ju_31308523_stationary_1298	3906809	3906809	-
TTS_Ju_31308523_stationary_1299	3911805	3911805	-
TTS_Ju_31308523_stationary_1300	3915502	3915502	-
TTS_Ju_31308523_stationary_1301	3917990	3917990	-
TTS_Ju_31308523_stationary_1302	3922924	3922924	-
TTS_Ju_31308523_stationary_1303	3923701	3923701	-
TTS_Ju_31308523_stationary_1304	3923737	3923737	+
TTS_Ju_31308523_stationary_1305	3928241	3928241	+
TTS_Ju_31308523_stationary_1306	3933221	3933221	+
TTS_Ju_31308523_stationary_1307	3933642	3933642	+
TTS_Ju_31308523_stationary_1308	3937278	3937278	+
TTS_Ju_31308523_stationary_1309	3938386	3938386	+
TTS_Ju_31308523_stationary_1310	3947035	3947035	-
TTS_Ju_31308523_stationary_1311	3947066	3947066	+
TTS_Ju_31308523_stationary_1312	3948450	3948450	+
TTS_Ju_31308523_stationary_1313	3950475	3950475	+
TTS_Ju_31308523_stationary_1314	3956991	3956991	+
TTS_Ju_31308523_stationary_1315	3959498	3959498	-
TTS_Ju_31308523_stationary_1316	3959531	3959531	+
TTS_Ju_31308523_stationary_1317	3959908	3959908	-
TTS_Ju_31308523_stationary_1318	3962697	3962697	-
TTS_Ju_31308523_stationary_1319	3966140	3966140	+
TTS_Ju_31308523_stationary_1320	3967721	3967721	+
TTS_Ju_31308523_stationary_1321	3980743	3980743	+
TTS_Ju_31308523_stationary_1322	3982846	3982846	+
TTS_Ju_31308523_stationary_1323	3986599	3986599	-
TTS_Ju_31308523_stationary_1324	3986638	3986638	+
TTS_Ju_31308523_stationary_1325	3993701	3993701	-
TTS_Ju_31308523_stationary_1326	3993736	3993736	+
TTS_Ju_31308523_stationary_1327	3997961	3997961	+
TTS_Ju_31308523_stationary_1328	4000256	4000256	+
TTS_Ju_31308523_stationary_1329	4002417	4002417	+
TTS_Ju_31308523_stationary_1330	4003230	4003230	-
TTS_Ju_31308523_stationary_1331	4005841	4005841	+
TTS_Ju_31308523_stationary_1332	4008395	4008395	-
TTS_Ju_31308523_stationary_1333	4008435	4008435	+
TTS_Ju_31308523_stationary_1334	4011086	4011086	+
TTS_Ju_31308523_stationary_1335	4015316	4015316	-
TTS_Ju_31308523_stationary_1336	4015349	4015349	+
TTS_Ju_31308523_stationary_1337	4017233	4017233	+
TTS_Ju_31308523_stationary_1338	4023540	4023540	+
TTS_Ju_31308523_stationary_1339	4027233	4027233	-
TTS_Ju_31308523_stationary_1340	4040813	4040813	-
TTS_Ju_31308523_stationary_1341	4042498	4042498	+
TTS_Ju_31308523_stationary_1342	4044090	4044090	+
TTS_Ju_31308523_stationary_1343	4045632	4045632	-
TTS_Ju_31308523_stationary_1344	4049970	4049970	-
TTS_Ju_31308523_stationary_1345	4050006	4050006	+
TTS_Ju_31308523_stationary_1346	4051274	4051274	+
TTS_Ju_31308523_stationary_1347	4053421	4053421	-
TTS_Ju_31308523_stationary_1348	4053617	4053617	+
TTS_Ju_31308523_stationary_1349	4056427	4056427	-
TTS_Ju_31308523_stationary_1350	4060279	4060279	+
TTS_Ju_31308523_stationary_1351	4078473	4078473	+
TTS_Ju_31308523_stationary_1352	4080257	4080257	-
TTS_Ju_31308523_stationary_1353	4086894	4086894	+
TTS_Ju_31308523_stationary_1354	4101512	4101512	+
TTS_Ju_31308523_stationary_1355	4102726	4102726	+
TTS_Ju_31308523_stationary_1356	4103507	4103507	-
TTS_Ju_31308523_stationary_1357	4106386	4106386	+
TTS_Ju_31308523_stationary_1358	4108722	4108722	+
TTS_Ju_31308523_stationary_1359	4109874	4109874	+
TTS_Ju_31308523_stationary_1360	4110702	4110702	-
TTS_Ju_31308523_stationary_1361	4110734	4110734	+
TTS_Ju_31308523_stationary_1362	4112832	4112832	+
TTS_Ju_31308523_stationary_1363	4113599	4113599	-
TTS_Ju_31308523_stationary_1364	4113796	4113796	+
TTS_Ju_31308523_stationary_1365	4114520	4114520	-
TTS_Ju_31308523_stationary_1366	4115642	4115642	-
TTS_Ju_31308523_stationary_1367	4118814	4118814	-
TTS_Ju_31308523_stationary_1368	4118843	4118843	+
TTS_Ju_31308523_stationary_1369	4120362	4120362	-
TTS_Ju_31308523_stationary_1370	4122315	4122315	-
TTS_Ju_31308523_stationary_1371	4127264	4127264	+
TTS_Ju_31308523_stationary_1372	4127853	4127853	-
TTS_Ju_31308523_stationary_1373	4132448	4132448	+
TTS_Ju_31308523_stationary_1374	4136061	4136061	+
TTS_Ju_31308523_stationary_1375	4137894	4137894	-
TTS_Ju_31308523_stationary_1376	4148364	4148364	-
TTS_Ju_31308523_stationary_1377	4150401	4150401	-
TTS_Ju_31308523_stationary_1378	4158272	4158272	+
TTS_Ju_31308523_stationary_1379	4159344	4159344	-
TTS_Ju_31308523_stationary_1380	4159504	4159504	+
TTS_Ju_31308523_stationary_1381	4162134	4162134	-
TTS_Ju_31308523_stationary_1382	4162266	4162266	+
TTS_Ju_31308523_stationary_1383	4165573	4165573	+
TTS_Ju_31308523_stationary_1384	4171933	4171933	-
TTS_Ju_31308523_stationary_1385	4174045	4174045	-
TTS_Ju_31308523_stationary_1386	4177185	4177185	+
TTS_Ju_31308523_stationary_1387	4178363	4178363	+
TTS_Ju_31308523_stationary_1388	4180995	4180995	+
TTS_Ju_31308523_stationary_1389	4186365	4186365	+
TTS_Ju_31308523_stationary_1390	4189619	4189619	+
TTS_Ju_31308523_stationary_1391	4196185	4196185	-
TTS_Ju_31308523_stationary_1392	4200605	4200605	+
TTS_Ju_31308523_stationary_1393	4204562	4204562	-
TTS_Ju_31308523_stationary_1394	4215276	4215276	+
TTS_Ju_31308523_stationary_1395	4218963	4218963	+
TTS_Ju_31308523_stationary_1396	4222764	4222764	-
TTS_Ju_31308523_stationary_1397	4227570	4227570	+
TTS_Ju_31308523_stationary_1398	4229374	4229374	-
TTS_Ju_31308523_stationary_1399	4229450	4229450	+
TTS_Ju_31308523_stationary_1400	4231163	4231163	-
TTS_Ju_31308523_stationary_1401	4231457	4231457	+
TTS_Ju_31308523_stationary_1402	4231843	4231843	-
TTS_Ju_31308523_stationary_1403	4234686	4234686	+
TTS_Ju_31308523_stationary_1404	4235596	4235596	+
TTS_Ju_31308523_stationary_1405	4236241	4236241	+
TTS_Ju_31308523_stationary_1406	4239775	4239775	+
TTS_Ju_31308523_stationary_1407	4240733	4240733	-
TTS_Ju_31308523_stationary_1408	4242530	4242530	-
TTS_Ju_31308523_stationary_1409	4245093	4245093	-
TTS_Ju_31308523_stationary_1410	4250532	4250532	+
TTS_Ju_31308523_stationary_1411	4253893	4253893	-
TTS_Ju_31308523_stationary_1412	4253924	4253924	+
TTS_Ju_31308523_stationary_1413	4254035	4254035	+
TTS_Ju_31308523_stationary_1414	4257766	4257766	+
TTS_Ju_31308523_stationary_1415	4258967	4258967	+
TTS_Ju_31308523_stationary_1416	4259483	4259483	+
TTS_Ju_31308523_stationary_1417	4262764	4262764	+
TTS_Ju_31308523_stationary_1418	4263213	4263213	-
TTS_Ju_31308523_stationary_1419	4263245	4263245	+
TTS_Ju_31308523_stationary_1420	4266922	4266922	+
TTS_Ju_31308523_stationary_1421	4268345	4268345	+
TTS_Ju_31308523_stationary_1422	4270159	4270159	+
TTS_Ju_31308523_stationary_1423	4271016	4271016	-
TTS_Ju_31308523_stationary_1424	4271046	4271046	+
TTS_Ju_31308523_stationary_1425	4274725	4274725	-
TTS_Ju_31308523_stationary_1426	4274757	4274757	+
TTS_Ju_31308523_stationary_1427	4277022	4277022	-
TTS_Ju_31308523_stationary_1428	4277926	4277926	-
TTS_Ju_31308523_stationary_1429	4277960	4277960	+
TTS_Ju_31308523_stationary_1430	4279876	4279876	+
TTS_Ju_31308523_stationary_1431	4281712	4281712	+
TTS_Ju_31308523_stationary_1432	4283215	4283215	-
TTS_Ju_31308523_stationary_1433	4295797	4295797	-
TTS_Ju_31308523_stationary_1434	4296438	4296438	+
TTS_Ju_31308523_stationary_1435	4297178	4297178	-
TTS_Ju_31308523_stationary_1436	4307313	4307313	+
TTS_Ju_31308523_stationary_1437	4312063	4312063	-
TTS_Ju_31308523_stationary_1438	4314216	4314216	-
TTS_Ju_31308523_stationary_1439	4314440	4314440	+
TTS_Ju_31308523_stationary_1440	4332080	4332080	-
TTS_Ju_31308523_stationary_1441	4332116	4332116	+
TTS_Ju_31308523_stationary_1442	4344807	4344807	-
TTS_Ju_31308523_stationary_1443	4347360	4347360	-
TTS_Ju_31308523_stationary_1444	4349217	4349217	-
TTS_Ju_31308523_stationary_1445	4352488	4352488	+
TTS_Ju_31308523_stationary_1446	4353153	4353153	-
TTS_Ju_31308523_stationary_1447	4356429	4356429	-
TTS_Ju_31308523_stationary_1448	4362512	4362512	-
TTS_Ju_31308523_stationary_1449	4365437	4365437	-
TTS_Ju_31308523_stationary_1450	4366837	4366837	-
TTS_Ju_31308523_stationary_1451	4369187	4369187	+
TTS_Ju_31308523_stationary_1452	4372729	4372729	+
TTS_Ju_31308523_stationary_1453	4373349	4373349	+
TTS_Ju_31308523_stationary_1454	4376301	4376301	+
TTS_Ju_31308523_stationary_1455	4376734	4376734	+
TTS_Ju_31308523_stationary_1456	4377329	4377329	+
TTS_Ju_31308523_stationary_1457	4378962	4378962	-
TTS_Ju_31308523_stationary_1458	4383676	4383676	+
TTS_Ju_31308523_stationary_1459	4389169	4389169	-
TTS_Ju_31308523_stationary_1460	4392316	4392316	+
TTS_Ju_31308523_stationary_1461	4392711	4392711	+
TTS_Ju_31308523_stationary_1462	4400650	4400650	+
TTS_Ju_31308523_stationary_1463	4404365	4404365	+
TTS_Ju_31308523_stationary_1464	4406079	4406079	+
TTS_Ju_31308523_stationary_1465	4410051	4410051	+
TTS_Ju_31308523_stationary_1466	4415956	4415956	-
TTS_Ju_31308523_stationary_1467	4415996	4415996	+
TTS_Ju_31308523_stationary_1468	4417765	4417765	+
TTS_Ju_31308523_stationary_1469	4418511	4418511	-
TTS_Ju_31308523_stationary_1470	4424450	4424450	-
TTS_Ju_31308523_stationary_1471	4424480	4424480	+
TTS_Ju_31308523_stationary_1472	4426575	4426575	-
TTS_Ju_31308523_stationary_1473	4426606	4426606	+
TTS_Ju_31308523_stationary_1474	4428015	4428015	-
TTS_Ju_31308523_stationary_1475	4429596	4429596	+
TTS_Ju_31308523_stationary_1476	4431318	4431318	+
TTS_Ju_31308523_stationary_1477	4434558	4434558	-
TTS_Ju_31308523_stationary_1478	4437540	4437540	+
TTS_Ju_31308523_stationary_1479	4438642	4438642	-
TTS_Ju_31308523_stationary_1480	4439829	4439829	-
TTS_Ju_31308523_stationary_1481	4439859	4439859	+
TTS_Ju_31308523_stationary_1482	4441283	4441283	-
TTS_Ju_31308523_stationary_1483	4448269	4448269	+
TTS_Ju_31308523_stationary_1484	4449067	4449067	-
TTS_Ju_31308523_stationary_1485	4454576	4454576	-
TTS_Ju_31308523_stationary_1486	4457183	4457183	-
TTS_Ju_31308523_stationary_1487	4457269	4457269	+
TTS_Ju_31308523_stationary_1488	4459899	4459899	+
TTS_Ju_31308523_stationary_1489	4460463	4460463	-
TTS_Ju_31308523_stationary_1490	4464729	4464729	-
TTS_Ju_31308523_stationary_1491	4470490	4470490	-
TTS_Ju_31308523_stationary_1492	4472419	4472419	-
TTS_Ju_31308523_stationary_1493	4475354	4475354	+
TTS_Ju_31308523_stationary_1494	4477256	4477256	-
TTS_Ju_31308523_stationary_1495	4478998	4478998	-
TTS_Ju_31308523_stationary_1496	4479034	4479034	+
TTS_Ju_31308523_stationary_1497	4480931	4480931	-
TTS_Ju_31308523_stationary_1498	4480962	4480962	+
TTS_Ju_31308523_stationary_1499	4488410	4488410	-
TTS_Ju_31308523_stationary_1500	4488441	4488441	+
TTS_Ju_31308523_stationary_1501	4495154	4495154	-
TTS_Ju_31308523_stationary_1502	4497967	4497967	+
TTS_Ju_31308523_stationary_1503	4502087	4502087	-
TTS_Ju_31308523_stationary_1504	4502161	4502161	+
TTS_Ju_31308523_stationary_1505	4503469	4503469	+
TTS_Ju_31308523_stationary_1506	4506443	4506443	+
TTS_Ju_31308523_stationary_1507	4507355	4507355	+
TTS_Ju_31308523_stationary_1508	4518691	4518691	+
TTS_Ju_31308523_stationary_1509	4519297	4519297	-
TTS_Ju_31308523_stationary_1510	4523168	4523168	-
TTS_Ju_31308523_stationary_1511	4531886	4531886	-
TTS_Ju_31308523_stationary_1512	4537625	4537625	-
TTS_Ju_31308523_stationary_1513	4541590	4541590	+
TTS_Ju_31308523_stationary_1514	4543709	4543709	+
TTS_Ju_31308523_stationary_1515	4549781	4549781	-
TTS_Ju_31308523_stationary_1516	4552855	4552855	+
TTS_Ju_31308523_stationary_1517	4554422	4554422	+
TTS_Ju_31308523_stationary_1518	4555393	4555393	+
TTS_Ju_31308523_stationary_1519	4557504	4557504	+
TTS_Ju_31308523_stationary_1520	4576858	4576858	-
TTS_Ju_31308523_stationary_1521	4576895	4576895	+
TTS_Ju_31308523_stationary_1522	4579464	4579464	-
TTS_Ju_31308523_stationary_1523	4580030	4580030	-
TTS_Ju_31308523_stationary_1524	4587865	4587865	-
TTS_Ju_31308523_stationary_1525	4587904	4587904	+
TTS_Ju_31308523_stationary_1526	4589096	4589096	-
TTS_Ju_31308523_stationary_1527	4593319	4593319	-
TTS_Ju_31308523_stationary_1528	4599646	4599646	-
TTS_Ju_31308523_stationary_1529	4605980	4605980	-
TTS_Ju_31308523_stationary_1530	4606505	4606505	-
TTS_Ju_31308523_stationary_1531	4611043	4611043	+
TTS_Ju_31308523_stationary_1532	4612345	4612345	+
TTS_Ju_31308523_stationary_1533	4621665	4621665	+
TTS_Ju_31308523_stationary_1534	4623041	4623041	-
TTS_Ju_31308523_stationary_1535	4628849	4628849	+
TTS_Ju_31308523_stationary_1536	4632709	4632709	-
TTS_Ju_31308523_stationary_1537	4634385	4634385	-
TTS_Ju_31308523_stationary_1538	4634533	4634533	+
TTS_Ju_31308523_stationary_1539	4639540	4639540	-
TTS_Ju_31308523_stationary_1540	4639571	4639571	+
